93429f3787aae15064ccefa37e000000ea2e4f8b.mp3,5HUJ3QX0
0880c7f06244a29a2d8510996291026cfcca704f.mp3,K2HS41N8
58376f764825b9be3630c9c76386126aa8174fc3.mp3,HQN1FVE9
e75c06ab31a87adf6f0be4864ae6a03807dd0edb.mp3,T41KWXSY
66a6e995b554a282b7de55daa72c35afe8478671.mp3,D376ZCFJ
9d3bb80c93402773058600e059ea3dd701766d3d.mp3,AQ00MP69
a1f05f429f0df7ac69e7efc46a6a19bc0b79ebb8.mp3,H6UL34BK
c8c8b5432e0ce5db0961c0d78fdc596328476329.mp3,P2FJ8IYC
164a759012d6a997bffef74f02c3b87a41622e3f.mp3,6I8GJ1AE
7d8d770fdfd3a166060d94186bd4b06282124b53.mp3,LBR9OFDA
1b26ba20ccde075b27af231e3193a493f2cbfa05.mp3,RWDSZYLL
9d4ab9c9e9793ab05dabc85b35ac9c64774f9270.mp3,R8KRALZA
803da6ae95e42e4b6f35f743b0e98dc80bdfa0ab.mp3,2NX7SNVO
e390e889fb9c97eec347da8bfb86b5ca49bc793c.mp3,ZZRP5IH8
81dba561357541643ac6d29508d96d2bc17c8b9a.mp3,3MDHJC8Z
997810cbb389cd207d63df7f640085a48b5c4cf2.mp3,ASIEKZ4B
c8931ac22e8c02553e23ff5351574281128bdd55.mp3,CITEU0VB
89391892912364ec20c80378615e1c1d03661721.mp3,LWX3QG5Z
7eb4de63a3b1b0fc196961323d0b2770d04556b4.mp3,8Q4XMBX8
dedde2a6231595dd7df50b29b267b04485ed1a5b.mp3,MJ85JHZR
27e6554cb3d114773eb3505181e45d1957c14da9.mp3,G7LTINBF
81a8355ebc9c59cbf62632bb1cae6cd5ceb245a5.mp3,E3Q1UGRY
17bd0aafcc2dceb32277e05f5407d84fe730d8a3.mp3,X6HDHG82
0f438f6d834034c0720cf74d72df5ad20f5ff319.mp3,O7CA4691
a2b4e3641859d2433ac71665e61f125edc565277.mp3,GW8ACG4Z
8ee7b525e9cef59caa1afb1662906ed616a6105a.mp3,23J1ZCHS
e54e02a3f8c033227717c8b62ac3b33c4fc85688.mp3,QQ66Y73X
ca1dcfdb21b6aa0eed66814ac5aea497afbb691d.mp3,JZ3BXV8W
57648494e0b1782a893e00dbff071a3b943fb862.mp3,0SNL22V1
c32d1aec887d79d8e6f813fd8d184c8c0b995adf.mp3,CJKELD05
ab884a8d9438b5b9d4e9bcc720567f842043f249.mp3,TNUB57UI
fbd7f64f01073067afa355ea9c41131f4dee4a5a.mp3,AQ0TVJQE
c1bf67c826f5bf69dc8e8ae49cccfc9f5505dc09.mp3,A4JP7DXA
8db9c3620db9ff005548f59d072bc8eb0fff81ca.mp3,82GC3IQU
13423b40b379b80e4c888116e76b69fe2e1068c3.mp3,LH2YKS3W
5eb4996f2b1771d8d406b80fffc0a992c6cb243e.mp3,777JYO2I
1947d9f650a4435f1f908f41d44a9946a2a7c957.mp3,BHNZUSO6
84768afa7f07ceee06598dd10708c96c9070e310.mp3,M6JQ3OVK
546431c0657fc26182bcdafe099fac63e9e3b965.mp3,59OQTU47
f3b04a2fde0d49bfd93e2fde5cb0053b3d963a3b.mp3,KAS3JVAT
f8ab8c4ba06e4983cf9a484a882ae9f698b90dc1.mp3,VFPMQ0D6
5524a6d45858999561f664cbfbeacb13560d75a6.mp3,H6SRGNE0
f0d3405c71a91af2e4ef4bb32ddccddb00708ad8.mp3,N55PNWY9
f7a51e957a406701f0871623e6ff3ac23214fdb3.mp3,BE5SLE0C
28feee83e83c3aa3bd1d81cd6d3a84f2f8a21cae.mp3,XKMMCVVW
58bc1390c42a0284a81865fadb779ff901b9692f.mp3,G2BW6ZZD
e935f156f5c0a3b18d59a6d80a5898008b5683f0.mp3,AFSA77TX
191bc4711b19b2e795647d0dff4708357b187ca4.mp3,PQX06608
b93e12082a222c518eb32bff88fa6172b86aee74.mp3,XOG5YKT0
5d8006304429be885522ed3b53b2083c2f18d3ae.mp3,PZL8UCDS
b02415146c5d846f2d3299f14f5f7173b7aea2c0.mp3,YB6SYXC4
cbef1102fbb6f83d95de8d80a1a85f295806e660.mp3,2IOJPLMJ
2a42c91376be660635786180b9669df0c757be2a.mp3,XI4PPO7C
f6b209446540f4440d08ed248fbcc6ddf703c1f4.mp3,6JG0JWEB
49c9b73861c4bd2d7726f9ece24b2c94c940eba7.mp3,DOVVISKA
edf727af01ebba3df7d2df8860709d3051a4382d.mp3,XL8BDMEX
dff8c60c12636fa0e29d804e64ad8c091b182bc0.mp3,WDN5A15V
fc1291e04b9bf72632e6942439365bd1c1957ee1.mp3,PHME6GX1
8c422e08dfe1decc4d92e7aff6e6cae3394a1548.mp3,2DUGAFHL
79c4c5ad689311eddf3b0601ed02aad9f95d4565.mp3,BORATBKT
552b40ec8e158633b5c24a3ae77f5bfc77d4cb8b.mp3,WPOORL6T
43d14aeacfa419dfd6ae56ac0663a811b08af09a.mp3,IUNVO2CA
e739b4631c062208cebbb2d39cd840012e3b6a75.mp3,32QCG6T1
722249aa415d780eaf0da54b90bded091bf05b8e.mp3,80HGSJ46
d0ef10ed769c2e25771e0fe59426ba10e6ae3c6e.mp3,NAQM7CC3
8a6d8638a0ec8063b453f90be98712d21cbb0124.mp3,TOO5D7OX
c2df8ef1576bfbbae629ea83139c69cb8f0b2488.mp3,8YHMZWT6
c6e2068aa6edfbd4ee010354598d8e3ef517f2c3.mp3,X34HA5MO
6684fd0a57108159c39925f94456cfb372823d76.mp3,QEX4S59Q
6c13baf04c0e3e15a03671c283f96cdfd63bb337.mp3,HZN2M7AH
39250d970dc503d7e15e4fc55e01ce82ed4a01c4.mp3,BM4QUTPR
1c4063bda4f4d69c9fde198ee29126db186472e2.mp3,SF3KPXTQ
c41b3d01f8c70ec8af97adbf3d87e61421186a44.mp3,TX1PW5NH
92b436689f14f877d9eff04090ab83d094cc7e9f.mp3,B2MIU52R
5ff3848fef29a5e004e9eac7c18562087eea14b2.mp3,EQ4CW0GC
f8b74e3ee06ef07e16a050343fe5bdace736de43.mp3,7KK22NUX
b5b31d5e0856b9284559bfd2a9fc711ac84b8cc3.mp3,DNSW76ED
296a27bcd2d857867ba64f0f9d99e517584f4dba.mp3,2PACHSTW
d634aff949b2adb311e8aafb7578914ed3387fba.mp3,O4N8MITQ
8924067a32f2ab702223c7781fa246657c24658f.mp3,GKDBCBRB
e4e857b28ea8111ab64b52c228d3815ef07f7952.mp3,JZ4ZY409
9157cabc3e7419708b90fe23d99d44208a57a6f8.mp3,118PSZNW
43270c978afca1af2833d19daf935c6b57bde7bd.mp3,H3ANMYSU
33f84ea9413c9ef31d14e370560f4b6a5d378308.mp3,0NVEW89J
282b94523e354931990bbcb0f3000ee635802f22.mp3,YPEMY5GE
9d7db08ad3518ae7c32b2c863896cf8993f79ba4.mp3,GCKBTB81
b2ce858d0d80b1420de1fcf7e0a1e6cf3a5d93a9.mp3,Z5OE4D83
3b573c8820df8a1a511a9f8d9702c306cdaba897.mp3,RUCBXLPO
e8bd66a31665857e06d210d54bc0e7fadc34020e.mp3,A3TCKR7C
74c9b1d5c69db66c3e2f26ed77eea8dde6b9d54a.mp3,B5U9Y4X0
cc751732ecd3657fcb7e6c42340528bdea3708fb.mp3,WE6AJDSK
ae4f5b95c3697d44601ec4017d8cd3a3492f4395.mp3,VNSZBL4N
181acf65cfa605f7541ac2d1ee7e4ce15fdd5eb5.mp3,XH740MAJ
4e5ca826cd210e0a3802fe8266ad946eadbdbc48.mp3,KNORT9UW
65c69a845969f6f799a1f128e8ce2571eb397803.mp3,9OPVLX0S
7cf686d1afebbf60bc5287c34718afc3c78af6ff.mp3,5COJMC31
c709eb8ac195e28862609b5758fba42d61795c25.mp3,GOFMB3NT
a7c00aaedc16805ff29081e22ab238888576444d.mp3,O6N17F3L
4c6103dc5430ba287bf8cc77c377c095b0a3da06.mp3,5EWUXE4U
2877245a6342fc97cce14006187a5718bd0081ad.mp3,NZ9D4T1G
64feb875dfb91844f5a0d4eb87ab68ec38452659.mp3,UHZK8ODY
76a4bc6d9fc276661952a8020f4bdee23de08bbd.mp3,PUKCJSUU
30bacdeaea90b2dbc97b3ed5a64d1750b65919ab.mp3,2UQ5IEAO
abb454b9b48d095ae160e2e2d84611b3a701a1dc.mp3,6NOXD5Y2
27e6e058653bc8ef2d4e4be0f36f5c938294c0b4.mp3,JXURKKLG
1b265aff3e6e83bd9908fb42a7e4db522ef104bb.mp3,SI1GZ9EV
dd252356a92d2e8eb6ed8ed84fc6446e041bed68.mp3,88Q1BUY5
71e014c706630dd20a3c4ad35fc9208d21dc806a.mp3,MVX6IRYM
048ad9e4b34e9b1f14e94ee133be47b6e6d732a3.mp3,9G7YB36X
2e1dfafd2a28735fe8a320a5655b46a654b1f69c.mp3,N3GG075O
b3aa74c5885cf503bf78171fcf25f148c4e50647.mp3,9IWNKPPN
c577a5d2d823fddaa82c2795e48127a4f7853e7b.mp3,H0YDAPL4
64790758956576f551b5a7fbf2ce0fbf604d8307.mp3,ANYWQF7E
39ac2a305053209edc6d5a1438b94ff8498bf728.mp3,YLOZCSON
b93e9a3c399d154cb28f515a702f6b773aa69c98.mp3,6W1GBVT3
e1160c7354dd1d1ba5823ae6d28bec2fc3c4a590.mp3,979LXT5X
f7a805dc6187cb1aa79a5bb7ca8f08498adfc488.mp3,U06VC32C
74758950d38351010d95608c1d10b09563f27b21.mp3,6URCAUYJ
77d457c072b2347998fc0b658e8df5c363d6559e.mp3,9J6C20AQ
603203cd412b19b7848b2f74a25d59f7439b8e89.mp3,KMVXFGK5
4f3d7cc7a8cf2c634cd3b6fb0ed7576207f5b334.mp3,9XUIOHRM
0ecd5e7881a3bef936c1be2982a2117fd9379fc8.mp3,6ALVIM26
408d401421023e8982c3321b759d0a7592e0bebf.mp3,GO310C2Q
b16302621e010eee14947b0e4616783cdeb72141.mp3,AVM4920R
ec8b1ae95117261c036c89c467df6cc304e84e6a.mp3,OCG5CZ2W
66b97f2b8d40084fb4301698c4f0ed6c8e5421fe.mp3,IWN7SANL
35583b0451ca3b7d4fe871bf999b1f3bb185492a.mp3,DKS9OZXD
27eee958c0b5fdd99221a52fd253c745aa5dd9bd.mp3,4EPP3MLF
69306320616caf098c2d5bf9f5a6f0a7fd09856f.mp3,RFBQPXBE
01833caf83eaab30632b823b35ef0d087c30a29f.mp3,03VCI11P
5a62fa4adcd9a79d9779bb075105ee692c0349b7.mp3,MAK8DYUR
3277fdcfc23973c7838db8508c0d4496e5a37eed.mp3,JP8KR1V7
173d457e9d25fef6f150fd6f6780b18fd9f573c8.mp3,2YK8YHAC
7a15b7368727b7b0719b86a9234affacda9fe2b8.mp3,B3GTVBCH
87934c5e2d96235043ecb05ed199b64b7a852462.mp3,EQVXUCPJ
04ae6f7e4a379a7c5800992b7ff84531c3e0960e.mp3,JCFLLJXB
4bf026661aa7db1132d843f0f13452ebddb6c808.mp3,KRZL50FA
f3016ed688b478ff0d3315d8a0d131ad997c6102.mp3,HHMOUBKS
af74d6e8c1f38c0f6be57e4cab635be8aed444b0.mp3,GVSY5XH4
7ed05112aef98de2d47abbb9e68eaf60379e3a74.mp3,2INL2TIJ
8ffe5be0486c0d0d5e66f02c53b571ae0e7fdb59.mp3,FWJGTD4B
35fe28e769e792eb31d9b7c3946fba2e542bec5f.mp3,WADGEOII
79d30a37568ecb7d97a14fc95bd9adf94c7c13a5.mp3,1D7VJYFW
59d359bad031625f652742992a28dcabf980f088.mp3,XG5Z8DV6
8c3bf010f509c5f0852e11288ff01c201e787674.mp3,IENV1XPZ
54c3f46bc568a3444b02d654785d2ebd0510f85d.mp3,3OTRIL44
74e5abb81feab17d45d076deda482ea16996f8d4.mp3,9TCVCH2M
6310609b10763202dd65bc1e116797eef57996a5.mp3,EJD5P0DD
623689a2d5cc41ce376528825e0be1d51b475dc2.mp3,XN6252ZV
72312e582fe8d6faa3fb17611f62020bee948ddd.mp3,V1LTSYCG
557c45eef5aceb66a25e78a75995448efa53b135.mp3,CSGU4UUS
9eda8ff3af3a8728ffa9f9744de729bb2ae930b1.mp3,Y4S7JBEU
6b9241b0348954841b465cf4591ae8fc4397451b.mp3,L879XXEJ
78b9b1efe41281325c620c103aa7f90564494029.mp3,9U6DWWCU
835f0e0f1c759d86b14809fb76e466e773aec585.mp3,BOJWJGHS
57754cb9963b7d7836aabe0d7bb1e8ba1fb3e81e.mp3,Z7SEFGRS
f7effc8e296cd1eb232e73a7979fa4d9403675a5.mp3,AMXMIJEK
9119158a91014471a9e3000a40bd21e569d0bedc.mp3,967UNX5T
5c12e5cf065a3aceeea2eb3df82b6069d8408ac5.mp3,Y0X3NKBX
8af1e44bed304d1a07e5bf434a8dde52debebe2f.mp3,5QWQAJPK
a758503c096d8c7b014f04b4dd6baf832ded1894.mp3,UCQZSA01
e4b7a89c8b91ade52c5af5d93230f1cc5636f157.mp3,3DG4MUG2
0a8958ab416cd328416eba2fc2266861bef24ca7.mp3,13M0J3J7
42239b696f7b0eea22c9f471df1483cafa691366.mp3,KM8KDA4K
a2684872fae517e9d6d2fd4b4843600c351507b6.mp3,01MP8UUM
0a4fff18836513c7e8b9d12baf68e2734370e58c.mp3,V4JAJTHU
5554fc93ad5e3357d82c1975b53133d2d29c2135.mp3,GOYKBWKD
28e87d1aba0f2588f75e7d360b807681a96e663b.mp3,SIZJAKP6
0919d5d5dfc4ebe28c1fc1d5407045cf1fbf7f8f.mp3,DHV0T12R
253ac9a586c473b635d093c02515ec8d5a979d19.mp3,AFIR6DCG
6e209226c4ac68af1b491d9b594051d1aff55011.mp3,4036VMS3
f4ff6da47e7da28ef2d91103415d4436b457f5ff.mp3,EQ3JBUBV
84dcd3f5d12222e1af067766c6e2d110e72b043f.mp3,HS7RVND3
36065e38ee39b43f22d21aad99f1743fdb3fc589.mp3,I406ECDQ
86c1b66e0a2f96cdee7c7f52e5f4fffac376bcdf.mp3,IM9E9OJ4
b0f78c65290dc25c9ae2da9e3b51845f137977bd.mp3,4SEPHA75
1c9f52fcaf36f1fe5936b24eb2bc180084a8e0df.mp3,BQR63IIY
f0c5cd7e69469853fd6a9d4243df697d608b2502.mp3,GYZI5BZW
b6123a0183a2998044013b7afdde88031ab614af.mp3,VETEVMRA
dea6b0150912bc915ed7bed021257e982e07107a.mp3,9L8PMH12
00e15dc61211d21af2baeba6814d44dfcf88885a.mp3,A8Z4Z1B3
3500e9409b83453b55cf1ebcb6f73b11e72b6ec9.mp3,2BSSVIEE
103ab40ef2cf24441d2b2fe8b8d315789aa24045.mp3,32EFI4OE
e9cd34a5746d5ce5693645ed027e24d4d5cdb42a.mp3,2CBQYHAF
6917356a7eb5e9a46dfb848e04a74d0b41d3328a.mp3,269BSX6G
f5d764ce490771ce4ea45920856ab319da949915.mp3,VC70RNPM
8a6eb1a8bf3300e835631e4d2cb8f11e8ec9d519.mp3,RX4699OI
6ec06451e1d61798dae455c7e4bc0207524214c0.mp3,6B7EFASE
78fdc5bcc37831b75c32f349261ef340fe108c6a.mp3,AM1JYZ9Q
daa05028220a89d91c236ef48db1ec20a4c723ea.mp3,6GHWL8UK
c44f33d9d2d0ad85cad04c6484da2f4dd0394523.mp3,N7RMZT7W
03eca9c44f1a78d279671217a2127bd3bfbf4943.mp3,LYL78QRR
98ce7e927daf18a9aa461cf7f6b4bf4d6b90f419.mp3,YIT866Y7
9fd4bcbe43af211fa60a1d290ed2980b7d595c75.mp3,NF3MIZZG
513d1acb06b8ee64951fc9477417020778957de9.mp3,PZQ791A1
4027b2b191403ed45366eb27eee84876b501f767.mp3,J8AD3QDX
62ad333d9d42324712a937eeb7cfaa269d189e3f.mp3,A308UJAW
3e03f174b967918c1a824f839bc3880c9b17b810.mp3,HR08UH9X
776a76d778590eb0637f4af8ca73a961d108a46b.mp3,AYZYTB08
f344f71ed281911ead156bb5d6eb2e0c296a298d.mp3,HEOGBEYU
aff76b13a4ccceae1450081b2523633fbf12fb48.mp3,7TWPLO2L
d37dc47181e5b0a1a56c6b475cbcd5f7b6f59f7f.mp3,GV01HI5I
70752b83fe155f900d04c7be2348f8e76a536a49.mp3,R9JJSLG8
a41464349e9ffdce04e6a8694451d48960c24009.mp3,7P4JMLVI
66be1731756a8cc9ae533687b6895e1fbafc9bd4.mp3,XLAJ18QK
b51da4f4020fb7dfbf080ef20d261ca21a1b1002.mp3,0JTS9TVI
971f9c1d96902765d8065c64e1f8ec9c14651b01.mp3,IUZ2C8LT
84f55b848dc6f0b65609127f25a4ebbdad832198.mp3,OMX5WO2F
0f8b5852d548b6d943568968216cf6ebcc92f692.mp3,G1GCEHMR
1b1482da9f5df029312599642781b2fb7053ea1d.mp3,MB6R6EF5
8b55ccf64ac775dfd13864dcbfdf31f02f41d0fa.mp3,UZBWLAEH
736f076b768d79b8ea34c783e2ef1f240cf1f444.mp3,FSSXZPZ4
1626540b29eecc56764f301283cddcf0b4c821c5.mp3,CFG4MC0O
d7149e3a84b497c65b131029fd6fd0a4205ce4da.mp3,D1RRPJ76
11f62505d146b1c53e38147afc02f66f3c46c786.mp3,WMFGXWEJ
44354acf84897733adad9ebe05a0bc570f087f35.mp3,VBXPW314
26b6db819757d3997fdf8de49fc12089d9127b0f.mp3,OPZEDDSI
92e9a6074ff059c62a6b563c49c03ed88138b215.mp3,4NNXTDBA
2d4e67d18da05879c9fa1a6e2f32b2ddcd6645bd.mp3,068MCF1H
8fe633d1c6f7f89ac851447cecae882681d3ec21.mp3,TX0WQNPC
2d19f9abcaa2eaaa4219af5197d3421bcf4613ce.mp3,WQNDWL9L
ef75aea16c8b6902bfec19f2aa2aaf1f1512196a.mp3,H536HH4B
8834c665e9c94daeed2f636c7255337e68a8fd94.mp3,WB4J7C0W
0c39c5c9bcd81fa4032aa9821620b5408631199b.mp3,OG030Q13
78d5113d614135b78401c416208a78e6e32dad19.mp3,3OX8AA1U
6c7c8ed24aa064f3df63e219a1c1bb2048742b61.mp3,EMLF2BJM
6271f7a3660a5fa95a0f851a4a927b96c5cc7600.mp3,KX7XOFL1
ada2509b66f864d542db1ee8d86e73fa6ce6ddcf.mp3,XTN9A9JA
58402df257c7b4fe181b5a509fd7a49f58a43518.mp3,BLCW6ALB
43d72c8e6e8abfa81c86d04d7953f8bb5e7aad50.mp3,5U24YTC0
dfca6574f0d064212551318dd382dd5c055d720e.mp3,N6A0CYYQ
0eb06f14413e3e1d34591a623c9cf576210275bd.mp3,KPRU2L42
61d90133a78d3c57c5e4ad7fe06a97e289ab8d99.mp3,646S9VF4
ef3903457415bea56026aabf1c8230202a9797e6.mp3,4G2TUTJW
25394b354b3c24593505d5c53443fa3c8692d22e.mp3,0Y155NYL
7fc3b81f3a0434747e2ab81fdf35873b782ccbc7.mp3,UIJZEK5A
f14b313d947e6fa16e6d65e7aba2fb38118f0b6b.mp3,Z67PXAZ8
e28c9e1bbc101963c48ab0a92eb4936f667b9951.mp3,PGTGCJPG
72ff83226f88563d307e2723dc53db3d42764811.mp3,GG9SSNNJ
0bac317cffa5dd90685c0644aa50989a52767c29.mp3,5W4B4JUW
467d7147452159568b39d0ca67ccdf46f7fcf4fb.mp3,DOFGNUTV
192b22abea8363562f5d8e4c2071dec60d0b1476.mp3,3NW1D9XZ
3a725925c71caf2ea815bf83a7cf70701c227f03.mp3,110EM4Q4
fafb9f2138da95fea45d46b8bf4f33425e8c5c54.mp3,NTYF6682
b93085557c8512b7618da60ba9c742a6276718ad.mp3,91O4WBQR
e9996fa2418c97ce23a8feb4b91aff852a751dd6.mp3,N23Z7RY0
3b08c8a1ba961411daeeda718f7344704a6b58a6.mp3,QV1I825L
080de1181b0d8d8d1e4b5f6274e8c0715d8cb843.mp3,R6TVU7K2
4ce903a249ba97f2ac31d680404bc34a419ae48f.mp3,K0BCRK5Q
bcd7c34a7589ed678d1356f45ac4172fa0ae4436.mp3,W8ESJAGB
92abe688ba7c3c04f1e4d2ca0ec346a6555b8957.mp3,WYXEJ0TY
30da8326469fd9bd012e6d1ae2c81e55aa34a5ca.mp3,HLD1KKRG
e40ed551c36b89dceaf0e757a1098bc5dc45253c.mp3,YNQZTKR5
6789edf4f0c4e13b2a964274d914759d2035edee.mp3,RX9U14R9
9b03fbff51a069442ce046188b9c3aeb6efd2aa4.mp3,Y7DX61JO
8f725efc431234cced015f5c6138364388f16d93.mp3,BM9VE51P
293e20bdeeac2ccb02d3b7aa4fc1dc8e7a9144c5.mp3,4OGV9SUC
87b2b66d684f10ea8645696cbeca1d26f1544fa7.mp3,909V8M6L
5ce606f55dc8cc8263f3aec1887bf3de734c2931.mp3,9F9RYHZL
16f24d4e7eebf106057734eb2a584cc210816f8c.mp3,CV8RXECL
9304febb2c4a4b28f1d8a1e211380a4aacfbaff2.mp3,BNETYARE
cdb392c7a6844b2d841aa95435026bc832ae355a.mp3,MN9YUO85
53111f63f9a2d2efb6d6a7ed62f95398c7880168.mp3,KNPVERIU
349cb65a2dcfe2ee7d06c2b1dd4d68c03ca4f8e1.mp3,LG6Q1C3K
9e6c3d4a3aec8db495483285b128dc70493f9c88.mp3,EXANJC71
e7624dc056ea5b4dbdf2255b167ac711ef23ef21.mp3,3V841B4W
6eb236198967692a1ac8ca2606833691c0946320.mp3,GHPBJJMV
b30598cea130ef8088094d533988b4b5940c142c.mp3,PE3IFW52
2fe5a8a6690f5a01843376ab35acee49fec2f371.mp3,RI21D07X
0bbadb6d363389fb8aa3c73e280f54560e468017.mp3,0FL5BBYX
bf85ae4097ab80068ae040c0313f0d8bfd2127d5.mp3,QQ4O2945
ac894d5cb0fe2c6d7b6468e0201561e93006b252.mp3,9JA1N8IX
00a6d2770ea1a13b29bf7ca3cddc58d5946cb83b.mp3,RO2N7BGC
5ddfb3d4f433fcce1b1e9f78ec3c73ea35c0b6a9.mp3,EQGLA0E9
36c4fd1edbb41934993c955e4ab126a9c9fd5f04.mp3,FBUCORU7
320fd38653887c1da01b02a05a50175da522d597.mp3,NSL9BLF4
2536e1a80e4a92d297f427c4e5c20aa480a329c2.mp3,BNG16AJJ
2cc47150b1c2f72af8cce39d8e66fedc6ad9725f.mp3,F2TNR2LI
666ec47b9798122fa2ed3a569d7d71ed48f28b35.mp3,1UIQEVIL
67c0184e0f86a89120e9cbf8d7832d6474e963d2.mp3,8F9EQNM6
574b3d815a428a82de0d9a7d6a691a6f11fe7467.mp3,91PVH8KE
aac8d5ec08b06523c33521ef8678a8cb82506822.mp3,2TQK7LCP
fb6e15e08e2e499dca92dd508082bbc03a14f6d3.mp3,N37VP4BA
fbf87bb8d50f2562aca2f7d3aa5019592a2c7f8a.mp3,XB84RR9E
54eff743e973a32b4372a36b973f4a986cd34334.mp3,92J247J8
00f31318133cc529d085900cb1a7c993382687a0.mp3,5MMS12CG
9c70e36fef57833e6786573e81ab1dc6d80cbd22.mp3,RMZGW6YD
2e293368d5953ac4670a55cd96c57a3e93971d2a.mp3,CK9MK224
36b5a605735129b540990992b3ca7065ec8e2e28.mp3,M6XEWKJ3
7e6ffe1c848f65cf2481fc2c0ba5ab42cbd643eb.mp3,O2YMKGW7
5149f0c03e317e7da7aaa947d3d95ce9aa2e4d6e.mp3,732PNNSR
60ffb716c0dfb781ebaf79fd1e712d53a7b6dd6a.mp3,8TAL8TNE
51b8a788d956f687cb9eb818b2b167933c9999c2.mp3,BMJ0NHAT
4a9a2a38946f6e5f69b0740731e8b3bfa9afbc93.mp3,9QXZQ662
129ceeb0356aecee020e310af6a0daec5bae77cc.mp3,EW3VRY8E
dff22302983b2a4ce015eec4908bed9e9253b27f.mp3,YNJPQW66
c29691d324adc7fb5d2d66a92102d81031220074.mp3,9QW2SKNF
579c0e4a908f87e9bc3e8e68567d65a6404364c6.mp3,B8QJ5KTK
ee3b4366cd3526f882867a25285bff9ab1280cfc.mp3,0C40JZTN
bb4fab6666c477e3dc9aae790bb9398894ed0bb5.mp3,K7YTRB9X
afd96a289c0f2887e326e8f2d6189570ca2c82b3.mp3,U92XARXJ
0b4ab3bae96d16d1c802946c524903b85e3c9911.mp3,R55XGI8Q
6a25f11774c37c32456fe9e628252b0afb9f3fba.mp3,Y64GDEM3
4864dcdebdecc3f301eac911fbdae48c5262f509.mp3,DV959Q6G
a8a0b3f88fbfac4427a122b92ec9d32ac34f3693.mp3,WHNYL3QB
450330605981e3869a43f7e2695b04a235f3bc03.mp3,TYR9AA1M
df41c894b1cd2351d64f62e1c9dcf4ff6ac36336.mp3,8BJG2YPO
8c2f72e463d7fb3a2ef17fb0d6820eb71bca6398.mp3,SMO5CXKG
382ea7bf4864b49f70d16dfc6cc075bae941f5ef.mp3,TPAGQUBH
ce95950a5aa7f28000044264b173e1b5865973e0.mp3,L7LP2LFX
71b209e10076a8db85f274426c20ab489c1e241b.mp3,245NCTHC
d8471883a2c113c361c8c5824a982c614dc95fe6.mp3,NXAB6AQB
1779dd1a42922e32faffd01f4406ef5b6bf0c861.mp3,L4T3RHZ6
df5d6726879af06644b8ca9794093c3e070f03b3.mp3,GLRCRZAR
302fded2952121859fca4bf8d34a9f1d8f71c9f9.mp3,G8MZK17Y
a48294d118dfe73dd2e33069d51a5c953f1acc22.mp3,ODFM78Q4
290b17c3d38beaf465e02fcd9e134d60e29c278b.mp3,9UD17V23
92f8a0a3aa6217c8d873ab900a778810b8b3908c.mp3,669YH0WF
4cb8aaf1d80ab26456cfe9a261ac5a2aa581e2b2.mp3,7SY3QAAL
dff3daf526cb225e991d0b68e9290880890372ac.mp3,NXHZYISG
9f959b501a6985685bae589f4e5e23d7f3bded06.mp3,EWFCHGTK
058f2001dda84a59795a2c58f910c92d6f5b24f3.mp3,EPDG1211
74fb862cdc57ea6e8785e9d43dcde19bb9a367f8.mp3,6E357AUE
0dadc59db921feaa9d1e7b9ded9bd463385889c9.mp3,4LPJOZKG
ae17f5be3cce8a2c086c4ba059e1be3e53a1f720.mp3,SRDA79KF
c10e89db779382250da1c03d13b689718617014a.mp3,R3QMWSN2
7dd9b340604bff8b4d62148850c57eb33977307d.mp3,B9M3Q8YV
742e0c7b62fd210d0fa43fb97523828d518c0ee0.mp3,Z5W31J12
e2297f4b91f81b4e685806d93bc759f577910f98.mp3,2O8AGK61
39710bec40e8c81d799136e8a90fd54af88f52b2.mp3,OKEDRTSA
80e8e101c78f0ad7ae2a558d9c04d59ef9a79ac8.mp3,EKSOJESG
8757fe7b6b8f7485459b0aabad14eebdbff4e680.mp3,QKNF4JZ3
2d2e27ba0a02eea34d591ee7f4e5790b11256c91.mp3,O0W84AFG
47d68c9a503be001c32f54288d491011ee60aa70.mp3,IJBCH6OX
ee7f548fbbc8cc359a30828572a34b346b9d2c03.mp3,U29D13T8
c105d4b004622b5449abd8e98a63ab446d0615eb.mp3,EFVN29FL
8418fca5373cac78d570246ed764f76f252c7cf1.mp3,F2F9MI24
2a99fd02ca881ebea8a80fb3dbae89ef30f0b925.mp3,HENBV9NB
717a9d80b04dc573533ae05c33f0085ce0d328ff.mp3,FGG1GPBI
112a0d0bb82a6a35ad55fb60817b2bb8f63b6cf3.mp3,YLGLO2EO
2a11eb6e36eaadaa5a803cf751748527a2bf2392.mp3,PITJL2BN
d2c9383a06d60dbcb9c35d6244f7ee692cfef99f.mp3,1NZZS145
6682f61a17045b551a924e77241a30856ddca028.mp3,LRUS5J7H
6d0e082d43e82ae93d266eee440280bcb26f2fa1.mp3,HTICD0JF
8faca35d56b3789adb7b53273288e3abccc8b76c.mp3,I402HTVK
401e70a2f299f395c8587e54345725f1e3d924c6.mp3,YCD02WQ9
db1a481b1c6a30d6cd5ec4f0b7cc0e6b84ba3b9d.mp3,EENXQJUR
e4ab73bd159228d24907675f93f6980e449a3d25.mp3,BNX0AQOB
5241792f14eee0c954c696c653b3d7ab8afcba2c.mp3,YBYPR1L3
45425d582b1e2ae9855c5648bbef2911098537b9.mp3,5IKG7CGT
aeb7dabdf96d34b693052969afa50ef17a1176ac.mp3,1EZW2OFP
91cc32f028ac78357c1d46618226606103fc47ad.mp3,C6ON10QB
6ed7af7ae6f562c553a1881677eb739e4b34b1a8.mp3,U1P2WHM1
2e646dc81c784a613489c223e667f7de25037562.mp3,8YP8XGGV
f2c40136141886ba2960f4c74949d0df4857c75d.mp3,J7UX44C7
8cfed658741a99ef67a99219bda94a52a63913ab.mp3,XU76N2XY
57f4ccb5824ee518f7374731747bf2983b758304.mp3,E5NSYZQ6
03fd8c37541e45f2981a584f327fe679d305f49f.mp3,BICO89K7
9dabc067d70fd8d5f84556268557c52e07db17ed.mp3,C0U9NG4H
6596cc0262551d8aed711b3ab8a86ef4ef3c6fb5.mp3,H8F2CYKB
f02628c7baf1f2ed993bc228c094b058ff12acbd.mp3,IJQC1K12
58c74e38dcb3a75bad4db26152b187ad4302d949.mp3,Z15YY78E
83022026cc889c43b720bfbf1d5dd3c7a85c533f.mp3,G6X5RA34
4f51aad0bd7b76a20c997469f06fee29bd25d5eb.mp3,LV1OK3FE
7acda25a994e97c7643e621ca749c88de85641ce.mp3,GHYTAA7B
c31fde039942830dbafe08d74fb5b4c03fd5984b.mp3,HCSGELHB
4470bc0469371e2d760425e46ceb2b03c8beb6c4.mp3,5AKALJFY
af6fd0ce79037ac417d9628196020032598f9920.mp3,DW96BKKH
c39145fdb10c2d11d233fa6f86219d8be8086e38.mp3,QL73DMFQ
4dcdf73c150aedfa4332f94c57bc857d566a818a.mp3,4NQ14AHA
614e53ff6b299e8c12d8f2c0beb6c74c2d3e4897.mp3,QI5ZDMSY
64e1f1b6a406a0e4459dc22d81b9cf572f94bfd7.mp3,VGHXLN2X
94268ee2cd8ec2c220105a1695a99743726f7785.mp3,N8ZT405M
dbb78baa94a5d580b33d532d8e1eee049eca1723.mp3,YQLG18ZE
6e34056f1153fe13a102991b0f5ac1b2536a0339.mp3,3K6345PT
ba3d24ca2ef99f435e912eb60187dbee34d8f273.mp3,RYPTYYGW
ab6b14e30106c9c0085496f962cf7e8263a727b4.mp3,B3PBL1UL
862e0b32dd87efdcd39c874329dbfd1b916eeaca.mp3,E2SJ92JU
640abd3c20687b54e0819e27633d3a68431167c1.mp3,K8WYXQZL
d86c282d6df0c08680c992aec871aefc9aed1be0.mp3,YCO0OHP9
e13356c09ce899beefa6e7a4a09c31351dfcca97.mp3,6PSNJP19
750fc96ec89f8915cc93ca2e13e8ecd9345219de.mp3,HXHB84VX
6ee76edb77640e58dd0bca20d53fd2e43cc9c7a7.mp3,6TAF1YOJ
c74632c6becd52adfddb5d413e86969468df932e.mp3,PJCEFEJ4
0997a32eda07ab505f3981734b0637b0944315a8.mp3,PZ9GZQ9N
966aa066ac20651eae3c70a5796b2a4b318951b1.mp3,6LFTBUZI
f895093cfcd58d7764cdef93b02d0e826705f5aa.mp3,R67IC10T
2a6231da5be9b40fdcb8dbbd85f53c25ab6b8144.mp3,4QOJUFKJ
3282d1891444ff7cda5f1d1b4d8bdef4b47c98fa.mp3,XR50Y1X7
eb31b098e52a2efb98d9e7ad6fad9dcbafff48c4.mp3,V6R9SRGV
fa61bfa1e870af28bfca3882e007f88a3a4b222a.mp3,DALSOOWB
a0d411b8a9df35f7e15fba128ae0be0148eec279.mp3,YKA4QQ2Z
6540bf8434126d0cbab9f6664f979f6dc10cd216.mp3,1DLSK71V
5ea1e92648d1472a49c7e5821c1fce33120e98f0.mp3,E5FCC6VJ
edc090b9f6bbae84154c77df0325c22193580f47.mp3,3EZA75N1
82e0906e9d88c41411dca448d620fa340f6201f9.mp3,CZIDNUB7
2d402725b326fe5943f3c564a5c29e01ab7214b5.mp3,GBRG2PSV
b229dd755d970e8675664a74d957ed89ebe718d6.mp3,S9FUIN6M
9db72ebc3759a3a8dcfd0fe06609ea0231421bb8.mp3,0WS2S62A
ef2638926a8cfaf3d6b79f60989db89e82a441a5.mp3,QTXXRIW5
2e57cdd6c4df13448d97c8d07610d9f90c30a3b7.mp3,0LFP6VKX
9d22df2949baf56d33700cf1799f280624eaa838.mp3,ZT5EQIUB
c91a55856ce2621fb6cb36117eae9da6a81e90c6.mp3,7UHIGTHV
9f6a199d5ebe89b67329d46afe13a97821134fc1.mp3,4T03LG2G
8252c8705e79338b9e371c5b358d2ce96e9ebfaa.mp3,EYZ7EMUJ
dc000ae60a2d33506e4fc9895fd69fa476f932ff.mp3,N6MG86TD
2511d1dbd83cf4495421efe59f77b6ffdc02ad1b.mp3,ZAAEEUD5
fe005301482513bc8b7913f1671c6216388bf44f.mp3,SHSE3MHA
ad6d758f038494c22fdb04f9f77a123a7c6e5a81.mp3,D8OMO6JH
6fc5c84520dde962e328d09eb652c3c5b923e150.mp3,UFPKX6JZ
15014762bcfcd08405ac2438660160c7feec5e22.mp3,0VQVKFX0
173c58a46dbd4d27b0eb7608775b90d59a4806f3.mp3,XZS56R5S
457415be70c89023ddd3353351e92b69a35d5f60.mp3,LT1W1MU6
7f56e56ee2496420af5ad35364c6a6436e489a6f.mp3,W9WJMSBX
feef480e5d0e3582d0e57776f10effdbf8b8158b.mp3,1JKCFG0G
f0bb761b8183d49884c593b5c538aa78402e4f33.mp3,9TMUMGZV
a7e9c028074079221ac97f4c14b98085af197b84.mp3,T8TDYFDS
37e682b07c39bef8ad4adcd61071fe566621f4be.mp3,35ISHE2I
45a9d99279f92f22328c6ecb29be749be3eec554.mp3,4TQPRGQ3
e79e219652086d149bac3118655526c3a99befc0.mp3,7AU95RRB
2ba1a2bf083ff2cda557bbcbb00716aa9e6768d2.mp3,XC3LG2KF
a5334ba813f824c29858c8a9c07c907b1a221c29.mp3,2GOS6MU7
03a80aa76a0bd5b699a14076864c970960904c07.mp3,B4SUSM1M
ea7d6f61db180fb980bd0fda13a4387059c415e3.mp3,XKXFORJ8
278dd099fcd2762c2139981165ca362487326456.mp3,8NA804CV
116f4f4ea94677bd6eb686f9df701288639bac44.mp3,03X2R81N
e60c3fd647fef8586f4efef3f1c1c58e8a61ddaf.mp3,UKHU1Z3X
a4f926f5e122329a30e35e95c136ffd652aad599.mp3,59EJ9AWQ
ecf65f1b3d4bf638874910bb3f2a59146c21a417.mp3,I6IIZN55
c9cf8af01cbf5367798ee85fa0192e83e5abfa71.mp3,787FQVAX
9260d8044acba8a899d75509cfc7f3ad986c7701.mp3,349G2148
ee1dcd192c330ad0ba2b915f7a82f0908192b929.mp3,J86YHYKL
567d75b0654755bb35946b7eff0826575093ad76.mp3,KERVIF54
6e718c60d59fe3f766f7564d0daf997c1bef3c9f.mp3,L1LAK9NS
ec8e1588dfaf1ada3277b54e772cd2c3c7e6d606.mp3,1LXIRWCA
1330b746b9b3de5d2ccf4dba161b8d55ac208526.mp3,GWY92TF8
6ee9634bb28582a417b7ef411bd2a15319eaf52e.mp3,B067BPUN
5bb002e1c2f119e811d81e5c165cc29c48b2f4ee.mp3,A6ROWQ7Y
e66f77b3bb124b45d4934cabcc071dd4f296a330.mp3,ITFJ83WP
9c4545c08bd772c5fca2ba0e21655d68f53a7221.mp3,54G8FK5L
3326c7a6219db2e5808dde423275effc148c5aa1.mp3,DVN1ARHO
8d7ab967adcec26a458a43cb628e72d1c302fc7a.mp3,21S41SOM
fba6ebeac823a28acbbeb21439909b027944dd76.mp3,LGEQHRZI
eeb52d85326a35f62ba3e8ea73410f7a2747c1c0.mp3,0N0F0ZZM
b39904e2969c0d00d43ae5c0c4a128ab01ee98de.mp3,911JWJ1W
124eec448d00a8cdd924a29f1196ba3e3c9b92e9.mp3,EBUQ4ADH
955e1e38115dffef8c75adc1c82ba543e07fb33b.mp3,DNULEUR5
b542a827ec259339d5b0eb37d43a8385545b9097.mp3,USUP6643
c3bb2acbc8edb2a6b1e9ed6b61d05efbade5d7e2.mp3,WJGSQYTW
6a7b15dcabc5e8a7ed35097a5bbdef0d10998054.mp3,845GOXYS
2612327651fdbce7c11cb8102232b9e6d088fcf5.mp3,95Z3MZ6P
1907b4a4d2f012090d4cc542a7ddbfcea7f15be7.mp3,4QT5M94E
c4582faf3a5432643a37985fc9692909b9043458.mp3,2NNIQ7FH
a81baac5346c1642f270311d763450af918472f5.mp3,N6P0FHXU
fb158596fec0405ad35cd82e47a29dcef6422348.mp3,TQ8E6E0B
a5dcf765d2c67445882056ff0175b2930fc84d9b.mp3,E163349P
2e798f646660d64a62bb89b2d798f02a7bfbd5f7.mp3,BI7QARWQ
53ef06f2d513dfeef38b7f4c110cab9210fb02ef.mp3,TOVJJ4ZW
97676e771b6055270e29c8ee1db82eb898cd2453.mp3,A3E9DA7W
fa84a3553995663a1546a4ece6015d62af21bb60.mp3,R7YCG0SA
c6fe6a191a6171579f62b5559bcac074b227a8f4.mp3,NQG5NARF
24800345787ae948afa4a4b4779b216bee6de310.mp3,OHRQ620U
6b95cdcece31157a98e2d0095d2816bdd3c12716.mp3,K51ZDH79
f883b6089e6e13464d404fddd2504d9b76c300ba.mp3,I83AYX26
d43891ca0fdbe556e9ddb5257b2ac95be0bda15f.mp3,CXMYXN9Z
a69826554f4632115284cb62b39c965cecaea962.mp3,TOJ936Z6
b44084b064ee70c8cce45331bdb317bea5a95c2e.mp3,Y44OPHPY
773d2d2c537ef91c0375027024b5d672691ded69.mp3,LTU6KEAC
f1ca0bc0482174f19a4b573cff0702ab8383f88a.mp3,1FJPMKXR
6aeb36795d1af412a21f37a89bc0f508478d36c4.mp3,D7WZKAD4
4cb30457a92338386d7333b103a0a1bb0a8a8f65.mp3,VJLBF4IA
93679ff8905aa7892846788c3e9a8b59ca91cd6a.mp3,MJ054FMN
76c708cb2c02ef10bbba81e610410c48b0fe5df5.mp3,8G6ERRIU
c565779229aa77a15298f1faa63a7667b02aac95.mp3,HB59H6I3
19a3e055827422b5f27fe1e8930aedd7930f6989.mp3,J5VPEHKY
c3b9a1e8df758bc3248e1fd5f2234f6e2fc0f0b7.mp3,URFB7SHL
be85db52ccd8301744667b7fb494ea2d72b47aa5.mp3,PF8QNVVD
e1d0416a9d4eaeb0fd2a71d56b25a38d9cdf79b5.mp3,97DAEUMH
d412d8ada94d70fda8761d716649d406753590b2.mp3,K1H8DSND
5702d9d4c4708d38c4baf595d1f1c39963ca5306.mp3,0GV38D3R
dd2b96ce70e7b5989003eed711ac2cc54b0d30df.mp3,5WSIMQNV
0f1cd175610ccec54f8fa3a3b133f7db46fd8a85.mp3,6L6BZVNL
39871b9f84e21e1b2d840668c8e5992bd12af354.mp3,FI1LSV2K
dc5ea51afa137b56318f6fc2a00e6faa9b56a139.mp3,FR37GT87
3f79aa33f88455a62f37c6ba337ce375e690488b.mp3,KZQQGE8E
ba848dbc9e6ab8fdac2ccdcfa8f14057c98f4843.mp3,QNDP0STH
8aa3e5c5db6078aaa90d6a44b602c9adb4a737aa.mp3,B8IRHTZ9
5a81a6b213ed8220b96cda10fee9c689419e725d.mp3,FZ64FO9U
e777ba784dcbf0282273be0051e3c9c562494ff7.mp3,WZEUVWVU
23ff012b0b1f022c974769e89fac655840b649bb.mp3,G5HV1FZM
44ccfe8426cae8e2cbbce64d29b3f0bacc3e7b0d.mp3,ACOBDU3D
dde983f1e897ef5e2bca3d875ea19bb45660f426.mp3,67NFL1D7
2a3060df5107a43751c3b49463e439701b55423a.mp3,TQ8N25EH
42c1d635e5dcb83cfa4faf20b5927cd80f45b828.mp3,4ITF559L
8569c3a48d64f6f4a9a2051dc8b700f621390bff.mp3,BRQWIEHG
757fa8a68c898e29f351ab6764885a6f6843e273.mp3,22VBR7E4
cf7fcea0213c02d16b55e5ae059454231312260a.mp3,3SLB9AND
5c4043101b78b5cd9518dfe6e4c9b4d35d97931a.mp3,Y4IZ6L5A
540ebd2737cc90b2bf33c3cfd5cb45549f617ab7.mp3,MT5FP867
fa485b6dc32c0af626be642df14b163d7c156042.mp3,TWUHX6HX
806f01eca42468e578764da450e81b98e225739d.mp3,W8SNU3XD
3e6e5557ba69888c6e87a289bb673cf19c7c8887.mp3,QL5OTJLS
e5c0550f57f17b2bed128219e011149dd587c75a.mp3,B61X6VRM
8562435b7da6a57487a2ea7f27c516c6404b3233.mp3,73PYY61E
2a99e04b3209cb5e218101513d4418fb49fa5a8a.mp3,FXINM99N
33f343c3af7c1dbd89fcf04bfe8842d1e3b8b7c1.mp3,FWM0VZ5Z
ff13462e1d58b3481f05ae1d63a332964419f92b.mp3,CV1HQIQ4
c6def5ea2490bfaf008f00cfd670c48372daaf41.mp3,3X359HEX
e42fc42ea36d6b2b20d33b4298ce6b06c3bc98fc.mp3,RDL60XUX
7bcc56fe4c455b2dd4b458e6dc2621c11df448c7.mp3,4WC99969
bfa4176ee6107df7a950d08bccaf740ec8230c61.mp3,4DZRN6BE
5f0766814f6ace93563bda49bc6c499caaeb2537.mp3,IQ6HIBYK
cd8e0476e8b27acb9924543305c07481dd337dd9.mp3,URWV426X
d8f8dbf238540d78566abfcc956a9c0ad5b1be4c.mp3,XJHZME4H
eeea9c24df3907e617d8923ccb4376931fa86870.mp3,PXIJ045W
dab2dd9782ce16294a6eebb9a83a56d66ed45437.mp3,XBUNS31E
0a02557a62799bb51c2a246b55bae5f1008401ca.mp3,IJUL12K1
22fa3a3d103ee9f2526f32a211b8a65cf191ae6f.mp3,EDPFPZG5
3cf79eb9b461b61d81cd66fa7d57e8028d2fdc7f.mp3,K1A0U2WV
70c2629259b20df5dbff9d8282610ad83aa78a2c.mp3,UMHMBVP3
cdfba765e4689a5fa43b1affa5bf70c3f593fafb.mp3,BIQK1S1H
f7a720685150ea21e940d406746880e97347859b.mp3,ARI0VVPM
5aec99261ce81abc81eab33720549986a9864f07.mp3,Z2ZMRO5H
c8a3b56d6598168bd0768c423fcd1ba3728ed683.mp3,1IWSURLN
eac332752c37b8185995c511447d0587040f3fe3.mp3,IU95WHYB
65a38dc799d0e046a6621fc0a081fabb83178aab.mp3,T861NB8Z
5b5802f5f062341aef98b3c6de6246b44da00120.mp3,PZ99JDHM
0f9b4a09d463c491c42f878969a05aa435c45927.mp3,USY27IL8
f7efef63ba7c6d13868d8271361b2febbe63d32b.mp3,VRF1J9V8
b70b837d19c9cf4e6d6893cd8a44fa9617cc51c1.mp3,HCSEI1Y8
121e2e9bdc14435240d68d5deb350c9e1b71cc84.mp3,DSCCKZYD
5b70efbecec14d222140fcff5722285963ae8c8c.mp3,7GM5BUCB
ae13373a2c54fe0e15819bdaadc98b69ab22b731.mp3,QIXT6B92
28130083d008f26d3dab45a8881239aaec7b0152.mp3,MR365293
2315dd56695d23a71b09b7466435efe5ed7105c3.mp3,7WRRRT9F
bbe2218618f503fe4f4c06f0fe261f30dc1e79cf.mp3,890DWPEK
3570b9ddfa2c333f4d2f6ea7dbe1d7309e7549f9.mp3,O7BURETL
5eee9de40b2c198b2c6de757c2e24e105c3aa1ba.mp3,6L0FBZX3
e8e3b847ee072c3499ea5a95cfc9da75f86a3874.mp3,21MUEFG3
c326100c8a72310fabc238509019dfea7c9fbc9b.mp3,CIADTS23
105c63f97943afe9c920672a0698da51b1338991.mp3,IRZTOBEC
152fe578fabb885dcc4464698dcfc4252c7449a7.mp3,05J98EHW
0974c660a3a9481874f1506bb9eb2500deb19dea.mp3,88XVG8AL
22726ae7f2e419d3daae062452ca12bba656b5b8.mp3,V4OIR6BG
f329d5709164acee0cb63fa1bac12943a74be239.mp3,X8OOV7HL
02f817dbbee71691391c301fb5e28b15c9dab598.mp3,JTJ1OO7M
cf198696aef44406fc66eb623a60d7b5babc41ea.mp3,34PLTT60
8c176f25f8df6e6c76a974d91df8662af27af913.mp3,ZHA17ML3
88d55505ad42463f5507f42be760efebb0904e68.mp3,KGG8S2XM
176d4b597385e616dda59c48e51415319f16fa4a.mp3,IS3R6371
985492fd4fc6af675a949345de99ccc273dc405d.mp3,7VO3LC2G
0048dea83445ec2892bd5217bcb00a87f1bca98a.mp3,03BZ5P7O
edaf6f65a73a5f6bcd5c21c3a3d6f5085ce03216.mp3,MJU0GN2R
4e307696a685c075507c71e1bf8a9ccc5635ecdd.mp3,7WPDDGJ4
c0a42e3d51e37186ceb395e306a47d4ed3fd2dcc.mp3,LHYB4O9U
33b1774ebaa63440df867cb269f304700459b38c.mp3,MFUGBHVI
04d30c075f6f4b13543a46c597cd31b2583662ff.mp3,09QAI3ZH
406455411df79938a0332b0ac99407005ca24783.mp3,A4O4CGS2
251b9fc6f0e368ecce21bc06b8fa10cd4279fb14.mp3,K34JVR0D
add8f4a3c6212e7970fdb397ae2be0cea89ed2de.mp3,8KGR21X3
219fab4e8d1bd57bb582d4c09853ca5129a53182.mp3,SD9TNSYL
af9b2a5d560a6f029323b6dd00226b4b5e43f905.mp3,P3JSFLIN
058b703ba50664cedf20e782c3e71f17d4e45cf6.mp3,JUSAA8WY
077a1960edd666467cd9d8fda1764c4c0dc47122.mp3,A783JA2L
ce5b22b79745f0e7520439a9a134a9ec7a13f750.mp3,NXCKHXNF
2d74ac3bc3f1471e6871a11de2e43354fef5b5e9.mp3,QU3V6C01
b5bba611b3e16e68cf89c2ac873637d47f3c2b91.mp3,NW1UPFBA
17acb7bf358377920dc2ad90380e11ab94907d30.mp3,5EY5VS63
d1b9b2f2806ca9663d7c5478b23308d6ff521dee.mp3,FUKZORNV
5bf26b86556351ac923dcd179e65ea00c7cdfd2f.mp3,CX9SO2OF
ef34511c94fd640d0909beb53e275c23d97b2640.mp3,FSYD8T2Q
aff3092416d82ca822d2cffe29f0fac47d7e4f2b.mp3,24UU0HUI
f2bdea2837133e3a48ab323d405d572fa13beae1.mp3,KLB7ZJ5Q
c7152387f84edea0f08db837c01a8d6a6e21e219.mp3,S77TJAHK
320d9575555c57165534b88077952625aead9f34.mp3,TCRX223M
81e3249aac378c497353795d29e4a6bf96f4305f.mp3,SKY8SSTU
258b09f7da38f9c3e8b3ebb8ffc36e9629111a30.mp3,UI2O6RII
45229d249a9af8abb561530b14dd1517b319792b.mp3,U154XNH9
0c68f41e208213e001e9cef2a464947418e6897d.mp3,NG4UDX4Z
0ad0592c4e674ceee19f345ef03108e178f8c0a9.mp3,U9Q9Q0Z0
5ccefe0fbef7edb66f92d1f302794217a6cacb99.mp3,Q6RMDNQ9
7501c394d232948f8c3a555c11cfe461b2360609.mp3,GQZ6GYNK
c5bc227ed3fa05dd8ad359346903d56e5846324e.mp3,3PEZCZQW
ee28a87ee9abd0124684a85c1f23e8ff92c6a6ba.mp3,2IGIY48N
8af43aed340ac3e667bd7eeef10c190eaa1206a8.mp3,DCE9QA5V
c8e2ad51e8fc535a6191d6f56957de210cbf12ec.mp3,BCCPJ5Q5
eb97a950c891443acea0f9a800bfbf6ecbb69df1.mp3,XP1XS4SY
e45bb90b51afd894a2fa7e7da9f034fc035ba6c8.mp3,9AP2J2J7
57975d348c54377206beeb436c0c405e690ef527.mp3,HGDXDBNM
f12086db0517373adeb88cabbe5b650815090228.mp3,V05CT1K4
dca9849c82c0a48d0b730ffd7914e431ce8431c7.mp3,QX5HNRR4
06ee03b7286cf76dccccafe18d8418a3e0d7075c.mp3,95OVT81Q
c427b8fcb1d1ee5b664b0d87be8a68bd07e03957.mp3,0FB25L9S
a21efce4f8b3900be0259b0691f8eed897f36060.mp3,9SEJM75A
69bc9fe9a2d2adc86bc8450789da1149cd014269.mp3,OUM77IOJ
7773fe534f596bdda8faf327a2e2991e6762fe3a.mp3,DIBGSCHI
aed45431a07990d2a69c094790762d942397c5e4.mp3,U3J6H9P3
19cb17b553425cb3b28d5d83497e5a8c02b22d72.mp3,SCOMJN0R
14e3a84b36b7b45f3cde3845acf4ec0e50ed9908.mp3,1QNNXJTO
c2ed3c9868121ee4e5e7c4740a1aca765a3aa246.mp3,6HQP1NS2
58f6d9726a20a473e75fc172d5c88e0f1ac1ca20.mp3,AZVRAROD
08c3dac482f1e34199ee4b253c9b2e2151f8f382.mp3,7IP55WBH
b01843fcf9d65900dd7d623e4d2060c627413488.mp3,UJ30VPPX
a7d1c825d59a591b12fda1976270695c249a9747.mp3,OK854UDQ
b877e4fa3d1be56b251d3202ef2d6427960bcd99.mp3,6XSCC8S5
eee87daa8318528e47d063e5f2fb849b016abd07.mp3,6BZYDV4R
d2fd995ef7cfa5952a173af78b7ae19e4be128e8.mp3,EX02KZVS
52510eb08563ef4f43ee032d531549c8466ae337.mp3,5II8NEAK
edb71cd540b39b5509bbedb0f7171ca287beef4d.mp3,41LSCY55
80e3ad37f49875a2bcd90b9fc39c196d6588652d.mp3,6KI3YKCI
be78ed7701f1d51ecf531861053e1c385d623312.mp3,WPP9BMD1
4c2591f9094008258c1dbb94b7d1f74d646d2040.mp3,H4A1TOJZ
0c114d05e3fb9e71c47f68a1f98a3dbab266a683.mp3,GVTUMIBN
05cdbac0c1587b7c0b7540346456cc8ff873a1d4.mp3,VRCW1J4A
717f776304a40fcb7d46ac3da7a06465ac3a0400.mp3,1Q87LOEO
ec7e4bd76229d381236c9264c5747ab9f4845a0c.mp3,KVJXSA9Y
344e6a4a8c0158c7fa7bc1d578781d81a6036bf9.mp3,V3INMZ4T
739a7074a0ea9f548cb8013c0c3810bb31f2ffb5.mp3,R7ZVXZDK
2547db35ca72af95438a1bd8331cbd65239aea14.mp3,XNGGTWIW
3012ef6f4ae6c220dcc02924f6a69ae67ce8be07.mp3,R2QENMY7
44bd5ce3b7f7e8c46f910d5eb63113db6184d02f.mp3,APJ9E6AV
cd27e654ae1e81c7e53f4be03b5ae0a794051148.mp3,CZEPLGEY
0066cfb6893dab79b42079536719a366bf18fb8d.mp3,4LOA89K0
7a7f33f2e91c14cbd0cbe06e85e00dd0b9d4439b.mp3,03CX2Q1Q
420c1696e35db499ff5de9bb3348b923b41a978a.mp3,E6ABGWXQ
6b30f2014b2109359ba498f1aa66d2203ca72c92.mp3,I3BAUC8Q
b646945a7b931bf2f8d7f1c0a7bc7204f8402927.mp3,YJH20Z01
8b795b3cfd5b9125ed94a213476c0358482573cc.mp3,903BVPBA
1b24354e4f056447e3abba42e404a2df3b3dad29.mp3,GKZXR303
d6028edac9b6b6fc9145e24ca29470bd6182949c.mp3,1W3EQ996
2031705947dc83f5a4178afd0a51d6a2ea347d6c.mp3,TC34ZLWJ
b942416a467ca8e009e4985d2c1ac4c344152633.mp3,4ROJQGMD
c7fca8eadf16d6b02489807fe96f4a98280c347b.mp3,OOA2GZ9R
0bd38f954a3373da8502e14bcf13f75c72b80302.mp3,AEV40QTI
088b4b4d6ec230d04cf18dae754da907b4836b8c.mp3,HIPODQ85
22b9a826d55ff970c899cc7835b33be46ed00d27.mp3,4RNNE2C5
64642efde4dfc4910d782e39b20fc3d3611c9318.mp3,PW5M9BEG
163a22999407283e20ca76d30b5fcad98783dd7b.mp3,A96STMVO
875ed966feaf886d4f27a860a22feb091c997248.mp3,GPT7AXGH
3f5f1de48e638063ce4f68c58e4b79e3bd0516c9.mp3,GBZHZZ9E
b7a223218d3d04d8d1c0b974808b9be7dd083f21.mp3,XKRMYSG9
cd895ee15cc8b3ee7a6c67010012de842c89594a.mp3,QEHGWJG5
773f6f74c7fba6da6b1e1fc56eb3553a9ddb01f6.mp3,PK5JHTIN
50f95af6b7e363178419ade6139a6cf4dfa1ed9a.mp3,2I2VHUZW
a636b64f908b439fb975630e62c327a4b4ac01f8.mp3,T7PXTOM9
816d6f5f98c72c828ed8e313e797fd743be4506c.mp3,QVOMZO82
6a3b80976f832656b61ce5731ba8b723f99468ef.mp3,G6XPMMLJ
1af7dd5eb4a48baec83cacb531ccb370aebc60b9.mp3,OQFD7V8L
793adc396d0b1e4afedf5cddc70bbc07925ff41e.mp3,855Z07VX
6a2c983d8ce754dff65e15d30a3820a0a795bc65.mp3,R141C8PY
243a6fa2c4a0ce4bdfcd0afa5b0b59faf26fe94e.mp3,CEPVXUWX
521a4f004a706b638c9f1e67ca9d30da6fa2f175.mp3,WCD7THH8
31942d157d4ec33f5c6106385acbbd30f8864919.mp3,0FAD63TR
1daa732cc0cf8cb615c6f9980cf567104cf05c1f.mp3,UC917AX5
cd96901ba23fc167ce60390fa1f206e5beaeede7.mp3,OXAEL7ZM
7e0708b5aba989cfa5a11cd9495c1129c3432735.mp3,HDLINVO1
c709ee1e2c5e35a6bdc03dedd7b81b3624f38e3c.mp3,4FWS159U
a487f4cb0f0f4693c76e8276405d0676358475e1.mp3,77O6MAUA
b357b3f27821e097a253ae3d0f375631d22f82dc.mp3,P0JTVWQI
718af7b062662ca579b3f083eaec7ab1132ffefa.mp3,KIPZHTS1
d1d7586ccba1b0c3d26a5201dfe0c76c69716595.mp3,KH5599EZ
c0717828641d1865d2d3964af9ef1218458832d9.mp3,SF5EJDFA
6d9637305a46e31e53aa4e465d1499c20c62afac.mp3,U8M8CO4Y
f46fcbdcc1fe244c166d357660cb1591b7b1287c.mp3,A92R46YV
ac7fbf2b51476f2e4f36e1a6df3223920cb37e04.mp3,VCL5LD0J
3866ecf7efa5004d50adfb77719cc6e2289018a9.mp3,FKCPU605
ad82596ab445975b84a599d130bd34659ed38128.mp3,UYOEN7V8
c8ec003aad5512eec56cd4602ffdd35da6417035.mp3,Q05W3UY9
182302f23e1cb220549efe5eb0206ea88be08e7a.mp3,U5YLLV8T
f9e61118dea3b8548d82f0ebb0ffe10bfee49d35.mp3,5PGY9VP2
045892a40129b3504921daf51de517f7542f205b.mp3,SLY5EA75
b713569b322fd6adacdf41405abfa43c5cf1cb3c.mp3,TXFRQY2Y
772ad07ad6299f57f61e9600bf65ccea72bfac4a.mp3,4SDXOJCU
611ae1844d9cf1b942e97df5c828b86ff82a04e7.mp3,86UOBB7B
2ec111fdf6213388eadcfe7f501f136faa0e64c7.mp3,T5B2UFFD
0d4f4a577adc1e9b30d8137fca90fc09249b9175.mp3,WDYOYHFA
21ff1d2bc359764e4ad756993ff2884cf5e89d47.mp3,3L174BJI
33461525775474dc9d94f5136b1722b9c6119e15.mp3,HYKEM5FV
c43fbb844006140b8344ebf31b889ef91d5895e9.mp3,V7TTJN45
41f3eb0293531c1d27bd70d38aca42346ccc5f89.mp3,62KH6T75
45f6c7acfa3f60a7efb20a68b4fa6202160a01e0.mp3,IWICST0Y
d192b2cca07b184fdcf6a6a1dd9befdec969bbce.mp3,89F5DY82
9416de0c5d6da6f20be7ceacf9e2017ee97533fe.mp3,2S53RGZ0
76fedf857430d8fbb70ece5a284bf921de495857.mp3,92MK556Z
7bea59068b597cd73138f869d8dc87ea4957b9e0.mp3,6SEP0O9B
7d16d8dd628e9cb072da79e52a4b9e6e93845667.mp3,8U4D5RSK
562c329b70afdd8c7b7077bb3b4c028692e70f7e.mp3,N4K7WRJH
42fe09987004b5cfd70602540e2e9459d1a41c70.mp3,T7ELP1C6
afc73041b0e9be45f0ca537f7cda2ef94667c922.mp3,AZV8V9U0
918898be047688eba17d0f46404170fc40c820d7.mp3,WYGL8B73
1389bdc16ca085b01b8af99cbb66175181f08d06.mp3,DWYS3DZQ
d03032bfac2ede7f9484ef101465f382d72a760e.mp3,JET0VUQB
81af35674705880623228f87e40f69e131f065f8.mp3,24AEBD3Z
3e77789d4c4af56de7fe50bc1075c258ac8f3541.mp3,QEZY6961
60a492309c9f1e06146285c8b9ab504233533eae.mp3,TXRWT2JS
5fe88911d1e010c1cc1ff373b154c317885da8c2.mp3,H1MB0T7P
40499e1fe988fc9361745f2d9e8ff0f567612146.mp3,CP8SSLJH
4e57832460921395a8d8d94557f05f56a0a5c6b2.mp3,GXN7R113
00c4a30ac1a9d8c2b05f7c4a6b042208ee9e8064.mp3,G63ZW2MQ
4ce55c7e9a27319c4b0bdd973bea3ff673a64a51.mp3,VZ6BIAIT
5881c1229cef744337c3d3a053330338345d49c8.mp3,L0318KFH
c06ab0ab977882b805f503e48697327ec3882778.mp3,L83ITIK4
d2ca561ff28c199525ebb7100c968b00938f382d.mp3,YITOSXM1
d1bb84fac83273fd777ea9ca47d90a605200bb0c.mp3,BMC8EFJ8
592f30249369022df9056421f7062d3b8258f0d7.mp3,OOQO55P7
f0a3761bf8151bf5e311f25f373d8e6fce63d6a5.mp3,VTTKNIRM
413e5387776eddf0ec8936822f0560ca418a7c70.mp3,V2FHA2AI
ef75e59d753278dab92fa507a6b4c295f909ecdf.mp3,KIPOHUGQ
a676703f6f443b7789350fb926140f292847ec1c.mp3,29RKLE6L
7b814f888f70483a53a7da53260b6e6a37993cd6.mp3,8ZTHG33W
cf21edfe28e9dc78565739684063f6a213fec83b.mp3,OZMUN0ME
a33a6e3edf6310a9c1ba03adf0c35fc32c41e73a.mp3,2RUU2HIC
ba108e13c708181742060356bbe69e052682455a.mp3,4832PHKD
4642d67978433b26ab93a04063f8b23e78bb28b1.mp3,5CK84Q7L
0b6d3c9acdab01cb42028f6995e32802bdde1363.mp3,ABPDS92S
b88be1d36222b9089133b6a9762685664380622f.mp3,4KH4FIB2
59467e188c3cee2d1f4fc1302283938ba28fd88c.mp3,HBIWRIQY
1d0a2c96a47b523676339980461e51ef03d1e132.mp3,FPR7TTLE
4c8bb1fcb86e6635656c9f39e1760bbd1f706da9.mp3,85NF2M15
a4ffd4603be06532c560bbcd49db4e1779009f86.mp3,TA4OL311
1e3b2cc4b705086f88efa756108b61cf70b3c04b.mp3,6PE20PFJ
01b6f8cb23eae25d6ff83584ed79da78d4af3b97.mp3,0T7WQ9U5
6f0c06b5984878f4fed98e54810ba9f757cff9cd.mp3,U02RP92T
12a698e03b85628c85a960ec50c541b4e2e5c81f.mp3,OIX77BNU
7a42ed48f1c01c63abe6fef4adcdbb6488e05168.mp3,NBSQZBZH
2c5ce7584b88ad335a5c57c10407f53097cda81a.mp3,NV4BGFMD
f40c7dda5b2fece44e4875a3777c7ad06c5bb759.mp3,F3AEOPQP
55b3cf59bcaac3bcac1188e7cea41ba51ed906cd.mp3,ZS2DOX6S
1155dac60296039c8ad149d87b5dd2a955ff8c97.mp3,3BK51D71
9c2a2251c510db1dc8be610d4e7ea23621a5d505.mp3,3E40BFPI
ab66fecc23aa196c7b5d80e6b9163078a99ff1dd.mp3,21ANRVGU
5fe69d2dbf8729864476c9b331144682f98608f2.mp3,8RGXS1FQ
af5788278e30521f3d4d08d69cca452a10bb8e45.mp3,J10TKWX9
11f252e986e50739370d95daac408e6d37d959d9.mp3,IXO0YPN8
4a2969b2ff9dd796623f3477b04dfe85f2e4b4fd.mp3,YP94NKML
e5d9b66f10c16286ffed6c73665ec101b5a2f1ed.mp3,TB4NYYY8
9146bae217ccb06c881917cba650dea6821abc68.mp3,UB8F33SP
29f28915dad08bdb17ce6b5d0affaab6cdbc0ae9.mp3,5HZX2KR7
108b9d4ec60d87822a06fa9c9c548336b262451f.mp3,6J1QY39Q
389f5ca315bdfa202a9f51c24d6a81d54b0204c0.mp3,4PHLHZUQ
751c3f1294fc4367622d7ef385952d19c9987d31.mp3,HAIUNNPT
0a6d918f08aafb646df3e2d17e64663d00ee3d3d.mp3,JOQG20HJ
b041fad43f6fa0b92d21f0bf865a05588718a7a4.mp3,RJ4C0B7G
a5762ac4fbfe0293b16d8628dd8f7af933696b59.mp3,MOI68MYT
dac281cc7544132093f7b97d2d240958ff9596c0.mp3,QEW5EBO3
9e97eacdec90d9175ac8f0f69be0b6803c488c2f.mp3,YGIHSXR8
71fd5a6401aa5567e4c2d28cd1cf976e0d8d415e.mp3,ENFUI7YZ
34c8fe55d363f84bb29ee3f9514a7717c5efdaa3.mp3,U2G19V8E
dc797edfeabad155637f0ca4411f8c2e4cbc1a71.mp3,E5LEGK3R
22fd330b8c26e94043fd3042b878ae0fa9aef9d8.mp3,13KAY60P
3d1b4a0247e679bee038eecdbe7d2120b0613ed4.png,D3FXOYYE
31113e1d8f93e6572e17d5fa3630c19fba49ee6d.png,ES54XNJL
82417bff42b6a4c72dcdac968901e4f386b389a2.png,MUZJMBOU
e2d172deeabe29561fa3585bd8e188c2541c5ebf.png,602FH28N
24377f6d61f93f3a4451f50ebf844feda1ecb275.png,NH6LAYPB
629e3828cdf5122157df0349bd7eff19e97eff8a.png,PB7CVETY
68d96c6700231e47d43075de9d3619449ca5b8a9.png,ZY7OOWXE
b05874ec244ff905f57fb9f59d0446d9275f567f.png,8X6V6D2W
e8ce28ed5bf81f13421039b4f99865b6d216e410.png,VC95P27Y
efbb13a3f253d98e6e08d491db545c1241f4c83f.png,TEOILZ1H
3b4439dda03105cbda94dfb5b02402ad0ddfe0e1.png,F2UDCL7T
cf1e4693fafbeccecfa90f016d4a01020ffcb048.png,S18AKEX7
654360fb768edac03cc712eab9498b3cae445708.png,O631O34F
a4c7800d12129cb9ff9848d580226f33e864104b.png,5XKVT5CP
4382c736003c7b2a8f1ba3fbf81efefe215081f6.png,B3AHI4C7
cf009159533611f58d134a68a5bc3237dd95dcd5.png,OXM6PP0B
bf3e9a1a4033d38e888d42b09402903dbbe80e5c.png,QRHL6VG1
cec3a6adf660ec0c74fc9cdfa3cec9a18160c615.png,EYAD27ES
d8c40488506b7ca4d892f6959ba6b1c1165f682f.png,0EY5X0YP
6dd567744c0b3d39fd233dfeff04a403b917099d.png,F41RHDD3
e5adaf2e514e8eab92058fddd3fb90a60c66b17a.png,M71P92JD
5ae3012cddebab2576e4bfcb5a10cb06d4a3ab9a.png,I130TZFH
b5d00cbb29ef3df5a7203aa4b3f6ce2850507041.png,MEO3IPSH
4aa1a2bf79a061aa29abe5f1d552751d748ce8c3.png,RBRM0H93
3130f7e6a4ed8c57892e190583fed2bac6e31972.png,0E18DUF4
1a26a642da881517e0d7e75f68731d1479cf621c.png,1HTZZUPJ
bbf3397c757bc12aa89019afd3b397538e525293.png,INWZ8D0C
eac41c0d38f61b384a8690e6dfcc1bcba07bef8f.png,GVAH17YE
2a6d1839036049f9011bc5eb938d0cfb0a313408.png,JX0XN2A6
b04fe52d81becc10cf7bbe586dd60baed14efe0b.png,BWSVWF9O
6ee7d4813e0238bfcacef60329e3c6fe0910130e.png,932TOFWR
c4715bd8dbc05c563fd4400503ef27047a44d820.png,M10AN55J
2ef302eb7be88ada8aab1ec72662e507ac29c3a9.png,EFYGVXFV
e747108025c5422eebe8a3de65ee3a9e6b7a11b6.png,KVWB390F
7fe7e8cd0f13793c128a123fd4f9451f61430322.png,LKPXM9VQ
68e43884243d1f79cb89ccc00d57206ae0562d1c.png,5HWJL7HT
46a5fe25c5145354784a914403e5492173a59383.png,G11423H7
7a89c860d9a0e8124e8a62d2510fd3e0989dd158.png,WZHOCK4A
7689d68a95401a0b8f14696594d90c243e118bbd.png,BMWSDHQM
a100e7f5bb13c38d22de002213c22a4946f8499a.png,MMQMO5OR
d85b2668632747c4650a2a466d6c5f690d20d6b0.png,KAD2CH4O
c90c69d321b5b3a46ab925000853a4e6219d0c91.png,ND6DX6OX
b946bd2b9ea8e73a8217de28785b922cf4d2f1cd.png,J7WIIQP1
c832561a3e24354143100ae12c12b651b80ca5d1.png,5DCYTMA8
ba4754abbab3941c3e42580febefe9206cc4d3c6.png,T4G2SXWY
5f7b03dd496e490973228d16c9c6c585a1134cdb.png,83KJ6TQ2
1b76efcb981c9e3113ba7c2e52225bb898835b3a.png,ZNVY6OID
2a68094dabf35f7ffb5a6d22958e10e067d77edb.png,AVNIY4K9
3244babcd41f5c2b7b52d76e68e01a95cefbf77b.png,O27PX1QF
3f401b81bb53e44df7f83482284af3ea76f2738b.png,2ZJLW518
756247713cb5b9bae1a926c24f2089d86a344e95.png,LSWDROI6
8f737c40aa58f3d2d9525dc2b9a34128a34874cd.png,O2NIY1NU
00976c70a02020570b73a9accd8315e6e7fe64ee.png,SOTQHEG9
602bf6c62a73f108b9dd09779184332107a4ddfe.png,2K9VF04I
ea81d1b9db02682d491daa4c568e557d0d6c3d12.png,2WY7DM1K
abbba35040fdd129aaf52ce7d3661ff0a1bec7df.png,5CC6M8XT
7db7602a81a84dc08c2e1971a187688d10dda49a.png,YYYNGSM1
95a909661b32b5686e74070aac53b701c962f3c6.png,61NW1PXL
41dd89e06160827b64a4628738341dd95bf747d9.png,LZUJV8E9
efb555b969b195cb879f2b8729f68fdce61b97a6.png,TO3L49WN
ae47a051c9d425b17ff24c8986317c3b70eae734.png,FHNFU059
ad2fd86839d8bb37a5f181f67912a1ee5f805efd.png,5E3TU0HT
6a139104e318778d65d9da5c22a8c7a4ecad139b.png,E3OS2XW6
0ef2559a80b65bdc71d8b7b4e85ec04518de1906.png,WB18OW3X
475df9b427b8003b5856dab917e6b58727d3f47f.png,C5MPQLOE
31b258ef0310bf582b28568f0d5e67018633e7b0.png,LNKJ2ZJ3
1bdde502f599a025a06e5ebdaa33a4da0f870533.png,XCEMKTDQ
35e067100f789dc87105106c1b469b235697125f.png,QEWHJS54
9227d51f0767d59e8f0cc3937d0fd6857f4421e2.png,R729N8EI
0cbcdc244f8494b85f855077ab83afd74918b37a.png,P7A17HES
88c299894505606ffb5cae03bd5c2fee95acbc17.png,7OMGDQQA
5069a2505c51b625aff55c3f77486ceb0558fe34.png,GGC2GDD2
83d70876dab4c1d4c913b702f83012d239fafa94.png,XY61EABZ
f1b2a336b4c4e33f7cc958c5f9d7cdf62803403a.png,XDN1IJML
f334653dacdfa33634bb6b7461990f5f8d4a8a3f.png,C5QWVE9G
c20f8ef1ef6e7fd17d296d1d91030b794a19b466.png,QTXF8TN8
3f9a56059f2b2ff791e7de772095fc9d843b6b43.png,JMCXKGIE
2ab46f406522d335524023e5c154d02c42ff78ba.png,1WA3L3BX
f28790ba47ada966b0254a247dcddf8e2b57f141.png,TK8D8LZZ
0c041c8ce0f8148bf76a59145e93e68e109592ee.png,2DMKUE7J
b2b8d9f24eeddcda73e7194c6703d88fd81cb506.png,1C2K7I4P
c14a41e12f779bd25ed2d9049c9559e1d62ae906.png,4WPL5TCJ
4d6c705d293772acafbcd8a6365cc003b9d33730.png,C3QN7ERA
820e3d11e46e28a558d47374f8deb7f6ead8d804.png,PJKIMZPC
da408db4bb480cdd71aabab37f5879f7c0492281.png,OKVZ3EOT
5f55c91dc655a1bfca49fe3954824a1a42dc4dcc.png,RCUGL9MV
0bd68395796e2a75edefc33b42d5948ba39fc972.png,YR97M8FM
6022e932e7f5d1dcf4f91efdb873d7299a987338.png,KBV6UH1D
44ac6a3b354c35df18c0074a56825ba2234e812f.png,81Q8S8YJ
98b909e2bd6b36fd0041474021407f086757310a.png,JNEJNSGV
7589b37c50b802db779deaa57a7c4cf30064984f.png,XDPYNRNI
174c4528d9f3d858a8080bee5bc720a2d479a90f.png,YXA0JAU1
4efd58e528f82802609b8602087813fc4da49260.png,29FN05Z3
73167fa17a2fcad4d6c5e75ca33202402e61daa2.png,CJCK671J
93fa57157f8f4fc443b10c79e1eaa1b0dc73e1ac.png,H97BSGX6
c5bbba7c78c73a0064be775a1e3553fae2c88f80.png,X1NYAFU7
05dbca3339878d63fefb75a310cf67cd1aa53018.png,P3R7JJQV
7ce3569d881b5b36bf54e206cbebcc661375c105.png,PFAWQ02J
f52c4ac29c480f78026a2c8afe9b54c119c3bc66.png,L57VXOY7
562c4a992e719f923c60adcd1b898106f9e566fe.png,BC8LETLJ
487576e51001ec2be19ae25f6ac7e123ae158b5b.png,QS77HIJ2
80dc2d3af2ae8cd6455a14fc7d2129c76153a086.png,ZLYK6MV6
50a27e2165645a6e25d8220c44c6da3f33a9a859.png,6ZL6P0CV
7737c58fbebe7cc8ef7fe424066683af0b69971a.png,1BU2CZOY
fd1757ba245ee28311fed8c29d5a9e7263ffd43d.png,AV6YCASA
bf1a7fc581c31da41381dabbf5dba4f33dab6029.png,DCAW4GAT
60e97c91507b3eebb90b8c48a3e4412822acb9bb.png,W17N26C3
327634e91eb7475afa0f06202abe04b6f2abe4e6.png,3MWSZ3JL
8bb94973a4efd95646a8d40a19e691a7fe6cc019.png,BK3ZN794
41154f1122db74f8d4c6684eba1f38f108cd0b3e.png,G2IMACO6
116b231adc365a6fb59774fb304bdab1d6fac3b9.png,S9TWI4MR
a4ffd5b8ae47ab29e266272ff44b7d4679949cf7.png,VQ5JJ8VL
bde89a0fc0762a4a9ee119e9cad8a161ac947c46.png,SG72BXG1
6517159f22fad0e918076637ce6ab6c7a84ee567.png,ASJVJ2UG
f577d22a16506e794a5004e036cfc46bd8185df0.png,GX3MWH9K
81d01486206898e975211f9ad5d9dc4ade0e2d26.png,7DBSFL7E
bcdf39ce516bf4eb3cc1c680ab9f7a506d711ac0.png,ZKUCIDH5
cabd600537a79a76508fff48a6ed774d257b61f9.png,7T964V74
d1c0540104f7d11c59fdc52e29ecef84fe235dd6.png,8U6HMY3T
dd5b06e41a5a888460c0eddb9d2613a470682682.png,7JMN6XER
6f925985f886bfafebc7b83cc6966172ba9d441b.png,RL5YF2K0
9d8a926dbeec3a639d685ca94e7e943a21bd76ec.png,U50YJTBP
7a63bd2309a52f44dcac0a748ea6bb7eb979784f.png,IU1GPT8M
ea98882637bcf2b9226abca3bfbce3c7323e71b7.png,VS96V7UF
4c7200e6ab5196d769dd45e9421d7c844d038bc0.png,4UJ4V86W
c73ab63747becd1bad76fc579a053ec0ca84e814.png,83LI42E2
2ba844d7896723262da4bc32414d88ee108abce7.png,RT0F8TTV
df292a53ea83fc4511730ff3d609ae15887749cf.png,RGHUVTT0
a915ecfae45112b43326791421b69957e95f6365.png,KT4FF8FZ
f9860177305f6633287e089b50e86c3cb9cc598a.png,PHGPPEW5
8be842f7ae64ca2da84266c84f215109d102f211.png,LJWHD3WY
5c83523617699d283474906bd135d5c77c8caeee.png,XHCSDAGB
c881bd97631633aaff027f2cc67b39e3a31e0124.png,74HQ7DNS
88b9a1970ddf542b9a3105ccd6a9fc7d9f6e039d.png,JELEV5E4
fd724c6fa930da02ec379f64f721f8cdbe72e110.png,IIK1KDVP
23764a63673f29d621fcf7c63a6781188863ba61.png,Z5HNSTQR
94349ea6325b88806e98d46c6765a253a5d4a455.png,455TI3FP
1aa03c46861ae30222544f554bb370454729e7f7.png,8R1F7FA4
a1246eddb7fb5eaa038403f4f1941f064f964321.png,HIUFCG9D
957b381c2e375d6464d40935db631a6ff1cf97f0.png,8XZAVXUM
38e6b98f6239f031f9ac902c5d93c08d28740256.png,62T35SMG
0f4c727276dcead3d9d62a9cbd8ea14088f53fa9.png,Z68RCEVA
dc8c7ff1a882e024d11d59a3504f97270df2dc40.png,14GP3Q92
cdf9232e81cbb4032364a824fde4681951ead166.png,ZGR27X0N
a3624a96f9ec17ecab81c8e73c4b183bae0d7493.png,KPH6F3BI
9996941d22c3be40fbe89686a0cb76801fa71a58.png,IQYQV2V6
438d8398d8f6367ed990591045f7c8fd16b9808b.png,O9404R06
9535081aaba021a1564d06c23eb90ccf4136d666.png,7YN2ZXES
16eacba14d1315ca9308e0a142690797df67b751.png,2PDGRZS3
f11567fcb4c1570844cb46f82416998542e92b2a.png,9NSHXQGY
8460c9540b562f8175441f5de304170903d025b3.png,I1YW4R8C
c225373125953c8a6ed2beb08a9c581665a69133.png,GDLNM7PA
b3bf25c16a26512a702f6a76237bf3892e4f9edc.png,2SL86LZ7
8a32f44e571772386dc6416f001aa714e739f652.png,ESD7PSTW
640b200071dc5b8729c2753f06280c6a6ca5bba9.png,4FGK29JJ
721e895a8a332f94af3da81747513cc824fba7d1.png,ZWGKZ77W
fd2420985adb86defb09c8718ca87de0cf5071cb.png,5MKF34KZ
8559abf6164473df31e81e5b9afff7e73ff7dd4f.png,REDURO9Z
18362777b8fb551eb772c88a6146a9127e262596.png,0O6MW8TA
c603de4ca47564424ece7e04c84b5c63b6b9e19b.png,O2XFS7BH
a8b5528b0bf3f5724f0c5b02e69420f7629740a7.png,78CO3GWD
62d17cda45f84c31b7f6ec76aac62f77035462e7.png,KQ440ZEJ
698e100064bcbc2bc9a1473c993d817c26857242.png,PQ5V4P3K
a529c9a83a0c94390cad1e865d0374e638b88f3f.png,T91E5AN6
67dfe7cf40fb6ea25edece3922aca9d8aa7cd623.png,97D24QCP
389c396b6562048f5953ea05ee8699f17599ca82.png,EGC7QNHL
54814b3641fd585fd758ea4556af957c99629426.png,H7JG56OK
5577bc379b7ed2b811a5e1d383a492563bcd5967.png,MHHTWBUV
1cb83be055e8c7cdce63f3ba6458bedb3a821277.png,Y5R277UR
9438026260f802e422b61177045c7d35347a0f5a.png,SIAFOS3R
fec590db92bd945f6f4d04c14e88ce4a1c26189c.png,ZJB8VMQV
04581e26e5cb74a1a9d8af5ab35f9498b87478de.png,ISHPSCFO
97fe8e20e052cc7f2a3fa5ee891a38059a9fcd03.png,JBAX4X46
046b9a7e68d07021afa921b54e84973f383369bd.png,OB4Q0DG1
e40065ce5a59395cfe92cc0988c733611a5e362a.png,8ZH024JV
8c4218bc3bd7d554316ad070801b97366327841e.png,88ZAO6C5
b5c919d174274c039d99bd824c0e51cc4f16069e.png,6ZBUVVO7
cd32c844415c4a824f33ec0dc3fe0fbe28fa6c27.png,5IE1SQBW
eb6f08940eab26c4f2b9e752dc973fba6b8abfa5.png,75FJ2GU8
37dfc4a32b021af1a097fbe6f9ddbe2fc36ee6f4.png,TAKAW6YP
247a66f057c0f507b101d6b2656ce93225e1eea9.png,NZMZDS39
37df86f0dec2aaceae1ba3e4eadda1c58ecf43f5.png,4UK0NYWQ
5f66a1a20acdd593c00b01c5126ffbc9b8c1046b.png,J3XO4FKE
80fe361c3d5532c48630a7377ef3125ec514a450.png,MLSM6CQL
65d9c4ad84c8a040612795164da7eb987ac596e6.png,63ABUCLW
ba32085e22733058b2bd173780b35d5d29c10ba3.png,D2WWKCYX
2462161e7262b28ff37a46ec9288febd5ba2ab55.png,236H533P
4a98bbd249baee61ef033028aeb0407118c8e0a2.png,BW57HSI8
3c07ecccd9c28605bee8e4cc8a2117f519a2d1bd.png,POZWX2CU
09167a1566c1acaffbe57d0bea1a946742471a1e.png,NNPM6KET
0749728b4326c9b5fe7a39de81c3d322caba3f6e.png,KBWFU0OU
824f63f3ec80d3077d5af0c6e6b0d1cdcdc0b080.png,FRS3AD22
b1f5bd0ee38305a37901488aa87475bf0a6413c4.png,QIRF8JLA
ac295fdc94dfc27d74134e29524e73afdf969e24.png,5S0GSVEU
64fba8b97fb2bddb686fbe3b448a9b4890936c67.png,538CV08C
0e6e9ac3eaff756fcfe012db55b63ada6fbc8049.png,12OACWDP
43da287cbada7249f251d9655d4257255e1440ec.png,ECOOSBAH
09992ff71da06c5c3b1df188158fa59b1a597d19.png,YLF45LF3
2616de581e40f5a1f5c8f24532662ac1210ffd78.png,68XDO7O3
e61df95c2819b87c1d9423c2182530b91f97fa7e.png,4FS59V13
e4773a49adcdd9c48ac4b452cc1d7f34f94d1188.png,D4J6YUJ8
ab4457f15584a738ad66eb9fb3434ad39f28f728.png,DKCXZ1QX
980836fd8c0c4b620dad3889362eecdf20f61c9a.png,G6DDUDXO
868668d797bbd46c3962162d7d2df0fae8705c85.png,N7GX70ZX
026f07abf32eed73480e58e479f5673b9b0fb996.png,L77NPTEY
da0d2a6b9fcd161576b213ca93345fae06eb0556.png,XTBTK452
58b61afc7cb777e584cdabf1ee49dbce5fb4af4f.png,P7ZO4208
0db891487e06628e82b32d45c026cd3b2d6ed501.png,0KAHTDLC
fa631f45a5d29aa4afbc49b22e459619ed046890.png,CXY3GNCC
327fd5fe0127f906be568e12fabbebf898d65fdf.png,8KB54EUX
b837dd081757554328aa86e62e2c7e1cb77654cd.png,1TQBTNH9
37b75b4bd2dea9c96b59b5187f38f2091992661d.png,W716PPVY
e29f70b7e0cdd9ef3512026ccb630522de8019c3.png,K50QUV50
88dd90a685a62dddbb5ff197b63e948d46ed89ca.png,4857KEG5
564c567a0ece0a801389c86081239eb6db12be93.png,THFLT939
62989820b486538f400acce92fb6e1247c288b04.png,VHVNXT0B
6f614e0458272fde7553e3b2fcbe81fecb2161a8.png,OA6GW0CV
4fefa277d73e2f30c2fda8da2b7f8f751b557952.png,4AU32SBK
4c3e7bd038034db8d586a435f784e538facb7650.png,UL96WU97
d61f515efd8ca1fa05c586fdfe30352218ea553b.png,KOPPDNPB
3ad2311a2ae6d6de4c1834178e664546203d6993.png,5G78MR20
1b9bd39a35238650d61a68c4c9b02d0fc46d1673.png,FBG28KVE
3a6a13823ab60d199847f839734f6a152819e68f.png,L4VIKUKB
79bc1452cad8f7d44c80abb74ffcb845da44ba4f.png,QWDGA63A
87050d08ee78b3eaff3dad7a88274bc8436bda61.png,TIQU6M66
271ff3d774e2b923f33fd0fb8a95b12d9d240059.png,LO6BYC76
99d0ebf5a39a51b3bd2d5d57223774ed724e2ee6.png,EE3LRTHI
ae7b142b0a71cc3043f5bfda27d064bba22185af.png,ROK4HOBB
1fae6ade6d4328fad63d907b3330d171f62c17a6.png,8TTJB6ZS
b31a2fd495f6d8685435fef4ab03d23d07b602b4.png,QQZN8R0Q
69ddb7e91d567ce2457b64deb056a7c6d5ba6484.png,WXP1RF38
ffb9ab3f97cc63e58cfa4a8044eed5b0455916ba.png,13UH1LFD
0a9f14c84765a8867c5dfbf729841885f3a55c48.png,I2I8QJ36
b160b92aa85c48ab2db47792b8f7f9c111ce790c.png,ODPATEUG
12d36d847468c46b3857fccc3a1a53a87d48dacc.png,DNYYX5XW
8853eb7d9a2d675b86e0fe63ce04687cb2ce019f.png,4H8ZOPOS
fe580ee2c2fc92c16db6321044fb03fc6f8286be.png,GBJO67S7
b571d397e7507c523773e8958186859cf7bd0662.png,2TU9WVPG
25bf8d71839efbfa0b56823f03c97cb8d538eb59.png,AYSVLE65
e7f8188ba3266c4725eddddd90bfb3467bdaa4ca.png,AZZ5995Q
c04a16f0eff73871d551dbad3d92a78a0ce44e65.png,HA2MAQ42
2e6f7fb86bf8f97dfa0888b1fbf31e9051c58219.png,C757RV6G
d7b6f6b39e555434d89f7a78e7fd354c22e33c43.png,AACVJVLP
2ce2e3d35845dc701c5db55551887eac768072eb.png,HK0NHCYZ
b6047d311201c084b1be0859755720c8d540a9d7.png,Q5W2KHMC
3a2027f07f9797d9b0f92d7df1381216bad78f47.png,B5UDJLOU
bd895b89b151be7dee34b484795afb064568dfd5.png,OI7Q8PRN
b3a5f14b479e21692200552887960a91868e330d.png,WNUH2MA2
5d39de57d8a6d05e09db956844c181a9215e6e86.png,67JAZNP2
1279521849b8b5515daa30577576ee7acdf921e1.png,4AHIJEZH
b21a1b36ff661c1d0ef2cbf0351927fcd9699b4e.png,2KV19Q4J
e6473fb03f20ec5ad39d7fad5cfaf51ec91280e0.png,L8ZT17R9
dcf87e3e7a87ac355330b8ad25b61391c7c74142.png,PVOI7QBS
e22a9571c538237b9397a3385146425d8e393e1d.png,OE602EJ4
134d1f2b7f16ec5b5823cc93abbd31b5e6620094.png,KY2EQDJF
4b7e8388a0c56357cdb75c3ad12ff9bf87f2c815.png,YYGX63CY
1d497a4bf255b55a43fc00e04beb9e3ade83e58a.png,XSS1C4UJ
3ec6fe2c7cd9081ae31fd87d8329b9e7d53bdbaa.png,0RTV4JX2
5a6c1015b3c881a397890379777f9586f4921cfc.png,WO494WQM
117ef4219e691a23a283623f9d08a7f197fcb75b.png,65MJUFAU
74372fd1bf062130c22db86982c7b298c7c37f6e.png,PSQM28GI
f3defcf5087f528f7c6fa8c59b8268179c723c49.png,JIYE32Q7
8c08ba7b3deacfc590ce32b451b754989e3df158.png,DTWVP25B
4423f863684085aae16ff5f95ec9e4cfb6511fe2.png,EOGE1T0O
d88b3521a9ad15eedeb72addc6e1e1b3e623307b.png,9KBJKM95
5ebd63ba05745943cf5901e10cc0cdc82fe2d599.png,UF7FBLZF
65697140d599f4ae865d92fe2536c6d1bda3da74.png,ORDLLC6J
a9978d8dc5ffd09e9e0eecd3c000aee7fc951d5b.png,QZHPX0I1
c26f4f586fe80beb1fc6052a6e25ac2f9490481b.png,GIGN1XSS
be2d24aa5409c58f8a9342083cb268d6e346d288.png,DHRNEE3R
bcd2b077e2edaf4136722a1d4b304b1fb13340a7.png,78I4SMQZ
8905326f4c3384978f74da11b3a547828918c37a.png,G7XELDJN
c945aed6e10b94f71dafa32800cbfdf475b816a9.png,Z390B0PL
5443a9efae96df932a45a37fd98b76b00729c45d.png,OKZDRLKG
c7dd67cb24abc1964d6c33c445a04477b7390293.png,UC2QX2HW
6b81d894d7b1c19300641093053cd77910ddb35e.png,AF04YA4K
7a6ed9d6f2e1b70f2673b00bda8e34dc0471db8d.png,PS0AKRWA
90be8cdc88103f672c3448963520278a938a3f94.png,LE0E8U85
d47f743935eb1af95fef73305233b0bb094f5ab4.png,2UZ5C5JT
436fcec28d23c648bf442fe69a3bd2d4a0daf3ca.png,R3EE1U7F
112bd20e6a47f4b8bd41a01a4a8210a391222b11.png,T8E3ZQNI
4707f784af573d5201604be8f749021206139730.png,TPY4C9C0
93a87baf626afec0932b6b2c31324b138a7562c1.png,DEUH91NY
4db0c52a2ef6bad2a948f94ea4f0e7f637f3723a.png,WCW6M5D6
2ac3c2e38e948c2db989472d944249cf8c3b6e4e.png,4N1ETF8G
d23798db5b1390f87153a06dc83a8952d9e64d7c.png,MKI5B8VK
3ff650f517aefaa0258effcad46bcb111d389a05.png,JDGTN6TN
1e8ef9bc006dc4938792c22fe1fd70b11792c122.png,LQ0EHQER
edef7cd6b32ab3baad26e55ce732a579593d4d09.png,6NAY196D
a1b33e638097531f9fce754d030bcdc8876fe722.png,8V41RJCT
9199dcd3c1918fa69e4156c61fbb618da804831d.png,SGOI8OXP
d59cef740c2bc098e5ec7527b779eea0c5e5b3fe.png,VT41024D
2dedaa7b4085e9924854dc8cfb08cace4f0825dc.png,QPZWJ732
26d11774e56be673e1955d8259b436b4aaca83fa.png,NLOYWXN6
315b820891b2948a0458d232ba85cd730ade086f.png,RCV3MDID
d888aa3891c89b9e12641c0a83df5744bfdf3994.png,QQJEJT9T
b685a5f431fddda22cccee9a033113b9b4a1bbc8.png,P1ZHZL73
ad946fd1a3b298165624cc5128ae699374ec8dc1.png,G6TI5M8D
3f2ea668f54edcc8ef82ab59daa60de45376f0c2.png,HB8NL97Q
8aef8e83bcb4ee802b093c64e968c3caaf5bb480.png,6TDGHHAY
ba152449045b2b9b353ca80344a5f1fc794adabd.png,F4EDBDZO
2a6427825ddb5ccd8d1cfc4f5da9da721a9889a8.png,17IHF8VP
0945f8e1eb0994ccae327b26ad7919fd4de11eb9.png,FP4VQAGI
19add16fdffe6b5b4711d2f6ab1d531961f8c097.png,T64NHXOZ
4989d36914feee8252fc26dc0b574d8994636201.png,6IN4X6KH
151f63e05d437cd0297cf47fdf0f10f8da5af8c8.png,RE7ILL5C
83e1ca93d30059d7088950375bc47d44f5082e7e.png,YBQFZBH3
495a0188520e55a7737fe5adb7d6059523098f4f.png,LTSY3PQ9
e756f819fb12552648834a8ec717b4d783d80969.png,MFJF6KAV
60dbf99aa2ce3e06e927e77c2f57d7c664c1a09f.png,6OLZMMO1
5e170dd6de1b030f062ef105619188c39a3aea96.png,3F6OPK21
405df3889cdbfb371285a7af25c2af307e86e33a.png,CLWQ07Z7
f8ae976188565ee0ca7d7ecdaf6fa66d8f0f3a55.png,42MC3J3Y
7514ee404eae18401aa59d6e90610ef5bf000c3b.png,7PIXMVPV
2002d015e029b91cc4055db2c2bfff99997a3a40.png,NAQ96PGO
b5beb380049777e0ff78de871ad97fe90147d65c.png,602HU5WC
b9f50484e647444d8e14d8cb3b54a68bf2d2136c.png,MOVSBFK9
6924ed162d0a75ce50f492c114dc026ae1031da2.png,S0XO3IG5
a5b523967b64ebafe43f894ee74d1dbad80ad350.png,Y2DRU0U1
a7610752fc12552cb796da9bb667bbeeaecf66b7.png,GKLBTHA6
777b59920dfabe22f10dfcc4a0c621dda22e820f.png,UCUHM9PW
dae89453d9e64223eac526ba0da7ea513d8e61d6.png,U2V4TAG5
e464a03c15241a9ed7d8a0baf0acbc0fe9e782fe.png,0N4PCRPX
b6578a8b755325d11ed1531cd0ae25ee6a450578.png,JC7XY57Q
795deb9b685d71dc86944051b2c05e9659877a71.png,JR13SLX6
68ce09fd0a59ac19b66de3ab838e4a9c80e56de9.png,16Z4EJYX
8a072132ff445b3fcb2cc2f93cea3f8427370d7d.png,80B2GSAD
2bd7b338a908d4880c10b170d685d3b6207b5223.png,YCYQSHT2
8d1034eddd8d6bca4e5098b87af296488ab8158d.png,7NHH701K
a386b4c047b55b71fcbb15262a8404c2c7b0e480.png,6DN5ZVPT
0c6a115c9c8e768ee81b4818f60b6239dac97c4d.png,PO7TQZDR
3f95435c1530bf78a33790b29fc371483e5bf13b.png,Z63LO49G
113b1997daa9fa5b980898979296b718d22874d9.png,XAIBDZLC
9f399573760ba6d45e4b21967d52429f2291cd4d.png,7JW2CCM0
4967252d1deaf8ff2e0642bb1163ad1e60527e1f.png,AJXIGL35
ea072b0eac59087b5f1242d8f0c59199f67e2b6b.png,M1VTVMSB
14468f9265fc28704f6d4caab8488207673f7f2e.png,C5GBWSAG
057b8ccf46011ec647c3e638dbf91195e962af62.png,OBX8T3OP
3d5decf464456aa3c4b040fe847de87f69cb68ea.png,56IDMNES
04efc3a36957e71a79b0973869ff6f6070693969.png,B3XMYFDW
bedb44588ba290a8daf1ea30652e2c3be713f074.png,S9LL1DI7
8490c2f911443930da68a097e0bc9e6a5f94631c.png,IK0GSG9O
087c977b39ea06ef92bb0bb9e9451e9f2c6e2641.png,DDWR01N2
1c4f16f7ca1095f2b2e68fe72c5fac285565ac0f.png,QYEK9TP6
abaec1a741eeaf677cd039abcc3afb939608b20d.png,KJUTIMGE
6c8db49a4a76bbebcaf9da69e008ecb3875eefaf.png,A5P34DNE
89005f8e55451c3a27e5dab45ae575dfe301795d.png,RWLQDE7O
8da63aa93a2cc18010c0467cdb38df681bcd1c42.png,UP19X4AX
0cef664a30323de7075dfc1d4d2bc6b6e02c2184.png,KUBZLQRM
4952d6fdbee54bdefd6b334d0e4276352880d32d.png,O3VHMCFR
3647fa01f37ee423182634e4ff86747c5eca7ea2.png,7OKXD8JM
af2f5f333b4bc2c9026e3ac8e3b8d81f618d034e.png,RH3SY553
8332ced8fe4cc4b328dae1c81f3b83db572f2c3a.png,46C8O7I3
4aadb998784e40a4440127c7638c35cf09b9af86.png,JRM8BLTT
b3d1229c7b7858be26218046ba53717985f72065.png,4FNQMRKE
9e895322e5120c2d61b5fb3e99786c73ec39824b.png,3L937DW8
3f7440e9a42a07272121169a766b489d72dde870.png,BMP12926
5bb480c94ed1b31aed269c5d42368549e4e02eae.png,I43X367H
9f6be89d18298c8055a4f443ce7b9222d164deea.png,JUACYEK0
9bf7813d561f083ddb8d29f63d612df4945ad77d.png,D4LKQ5U5
9169fe171c67436d3d3ec49f1783cd52d183c57a.png,CTWPEDFT
55a28770f77c3e5796dd808cd0da33f500f6800e.png,IS8UZLQ5
d23709548c1c9f2856b60de82e578b9a6aa1f441.png,H908879Q
1bc45c3e114970720e8d473046c249951e111eed.png,PEXPWAS2
d550da2fc668cb3dec1cf1fc5fc5ed4a1ccb9fb0.png,0XG6CVIL
f28956f702dd87250635acbfb9aa2e291f1af504.png,Z8LEIH5X
742daf26ee583a973599d647ee5f6a59c81308df.png,50LUHVGB
6d7a18aee5eb98c4d9aec3b26a000698153dc172.png,YDRWX4BU
afb405ab4ee529e354fea9d1b79642ddaf1bfeba.png,94Q17S6D
db9d6a031efe354a80879559404dfb25c8525cc1.png,VZWWZB9C
2f293ee3159c5609061e09554089288e11b6b731.png,JR3ICWTV
87a7cafd748e0cdeeddaebf15c21b6808b5295d0.png,HCPHTLB8
ce97f0562e1ab766c9015105fc98eb373c48f80e.png,GMO4O5F5
9d398e0c5aa2ef867e6b995c6e8b265bba8f825e.png,ZSEWYPAV
d5d2c51bbd5ffb79ec9d1aa2c19ca330ee2afc26.png,0F2595JP
0de0fe6f52baa68c20eece17f4e06291e34866ae.png,2A5ANK36
8eb45f8d57fd89977e112f48e21e8e24a6d3b5b5.png,LSNNOSB8
e976541926e36ed5658ace8689227e7ede98c21c.png,6EU18EIK
b1db546d943691994318c0ac4b6ff69a036c06a4.png,5Z1XCMET
3aa96062221c55f57c85d8487ba64fc5f3504391.png,DXR258N7
8e35b55c930e43c653432fe109cd9a1f64066a7a.png,CN17K3Q7
d7d783fc9d05e402add6c2e6ad944b504c82019d.png,LQE2FQMO
862afc6a6c005d60b8cdd57830782ed9145d7aeb.png,8WUIP869
e8012ecfb0c73fb5755931c908416df205de29dd.png,4B1TTSBJ
9b22843a42d782087eefb89ca64568fa5362f9be.png,2M2OO7HN
26a6b0deeb32f6ba4f47e9c880eb90a2fb7765a7.png,UEAKSSV3
ea412886517c6bd24c42db3b7d26a880fc5ba567.png,LJQA8VSD
e969a79d6dd8e5e4d07b98f87478d41e57ae1775.png,L1XXNFGL
07d723e3fbd26f1dccc1f3d121c69e5b039cb917.png,P6K4MP84
cfa3402d012883d2b50922aec033c860daceda84.png,5IQ8XE7A
245ac6d87e0f2a412bc4ab5cd72276cc1750f839.png,5A2JCLA1
129cac654afceb51e87af8817b35d9340a123044.png,CJ22ZMS6
c9f9bcd8e569fe09ba0f3f7f89a1f998b828d042.png,1A82L8KU
4713bf34faadf9b3b60f81e5c2ec3e2d97a23ad2.png,CWCZG0EA
f2972d3024d8a03e18406cc6628bc3a9a417571c.png,DXCD9HMX
13ab9d093734aa997eef436212c7289c323301b7.png,2XUF2E4E
0253d0ae3fbc000ab5067b4c7b853aee6827aa87.png,QIMNXH3Z
61c357a1656699a55be9fa40591902f8d2769839.png,L1KIJJNR
a1e5cf75cfbc6e595343d58bccba532188989e5d.png,L57VYTHH
848ae5e42dfd083becc612f7e4d9d0fa892ed025.png,XQ10ROOF
77507ea503d2462fb8d3affb15cd9eb95ef60abf.png,7W1JLFCD
e4a093c007215be2345c9a17341cd954fea05f33.png,QOEBQN4V
2500484e96c7ccfb4c0799d78380d5d4e5837c7a.png,IUIOGEM2
99e3806bcc1f5cb5919b73a25b03fd7f66721e28.png,SW8THYD8
f28f3f1acef80d6014fa0aa383398190c083e800.png,5O91B18J
11d9ee304e6741c759638745005019aaa4b85015.png,K3GT2X2Q
be3ce8eabb8f8b6c67b0af41c9b024621f5f0311.png,NSKCO094
6eac44fa321f1aa84c6c35c2831dde865b82eb59.png,1Y5PDPL8
42d01d04e05349d6cfe35ce3bdd5150a61662863.png,BCE3QSVB
2275992a934040e4ea9266938393013b3c3668e0.png,OIB3VOPL
c2a2d7a6c991c9251630cc6394da295a67f2b782.png,Q1WC3MX2
60b6229dd598f18c4ccb658be6f72f16771b0411.png,K75BBF8R
627e3a0ebb10c3c86fde1b4a0941fc8e10db956f.png,YVM512CI
b8ed4a68155df584817fcc0b93aa41d758e3e7f5.png,G137STX6
4d5824593fdfe04b37ddab6a5db8a1a06bd7f198.png,ZNFR4F3Q
f0de9828212e3089e284292c1289ca5ff0a75faa.png,A5QS31L1
29dcb7153347e188792cb7149a3679de3a700629.png,250P77DW
fc54c5f1c4e922e8ef988631a9508dd8c2e43a23.png,A4CC7Z62
5b213e576bddc47a262031aeb175e68559db0bdb.png,IJTW65KX
5075ee241a1687cda71623e79066226699028e5b.png,Q7FL9FPR
0fca54fbd520e5cfb8fdcda7fd3bb31b7d733c42.png,A4TAV1YA
2d37a4922f7ba02bf096975435a922f5cb6a44c2.png,K3QX7T2G
4035c46ebde9239b64a55c43dfcd24a173f0fcbc.png,W2GACC9O
e4e7deeab8156f77bb35c63f8eff796fb6b2a3d4.png,EAR4XZVA
97f60bb25cc3a84bc08ddf15d5b4822786e07a24.png,841B24JZ
c00f203112a29d8664eebd48c718e7ed225fa19a.png,LHO404V5
0cf0cddf4b2b7008adce35d948b4b008d9bb17d5.png,FQLN0MZ6
3a0f9b30f0295611903e461514335d8ef86c5765.png,IS33N9ZI
c2cfceb84279bf10fa70d6dc9efe93a123412324.png,V7RKFK6J
f7121057f1f6e5ccc5f80a4da857f71971af294a.png,CBR01YYJ
8a2b5ba30b8b54405404b1a2b48d816f03c7eb0f.png,4KU1XD7M
8feac6cceb9bb7bed206cc5981b0944368d2f06f.png,NTTV868K
4d06e8c44fe6f6ef950ab256909205eea323854a.png,0PNNL059
ad02f8679216a148bdf0b51e2be16aab030e67d3.png,TB94O4JT
76bfd7c0cf6e114f52e30cb7d478609d96673515.png,PHH7MLZ1
9e649d38b5495432bf3d610449390434ba546d6c.png,NI1JVSXA
d864e4bad062baadf3ee02cad9b637a6b64fa085.png,JR54JIWF
52d88ad92cd8de5766fbdf843f4d3cba99ea99d1.png,8D0475GB
20dfa63dc32a57f9356d80997192c9f176882f60.png,XZ5BJ0GQ
a5bd5bc2668d5267e83eddf26926fba07ab092bb.png,MDAQZ0X7
2cd0182d836bd96bd42666252cbc3aa546450909.png,57SX88TB
4c3bbdf5a9b7e91250d21af1474b7a1d11430faa.png,4R77DMFJ
62da3f141093ed62bc9c93b5f43cd25348a0ad75.png,VAEVOQYV
0c9ca08b1a66419ccf39237b82ce551277d79ffe.png,I99XOXZS
2a1deb7fbdf1e4c87efd8478844de1ab86486c01.png,M4U92DC2
8514ee67022fa6330f2c65897b72ca335ba90153.png,L7GX8I6T
5874f91f29661a84363212cfe0e0b1154e8ae7d8.png,5C4MMOOD
6a38a073c14f6e86696e0d4b18907addf8a92378.png,JOQBEENX
5e642f5e5b32c0db05077470b9e33e2201be1720.png,LZ5YYOYB
34f1ff15cdfd671a26ec821be6af9479245d89d1.png,DHXEP4OV
d475cadfc4b723b567a201855d5a14939f43ba9a.png,W00Z3UV4
35bfbc8a12379b1d086aa09e5d6237f15395a5e0.png,X4UPR2W8
a7811b9f0d0c09e32f96e58f7e119facd9fa116d.png,3X4WATHW
8892b00a0d5390adc720c41e773897d6818672b0.png,B3YAQ20Z
ac6ca90fcffb85e449f07e7a6f7701a00f867122.png,XEYY05ZA
5a5248ae5bb8b8fc669354680d6073f6a10fe920.png,S5VD7SF8
824c00c5ee4fa37648eea41751c71f128786c27e.png,GCETM557
d08a6fe358f3b731daa368861355ff6aaa7a6c98.png,1WHXXGZR
f1ad0f6a32d649e7007a6492f6a639b56617818f.png,3KGH20FY
aa7588b54db9dbf80148ddd0864a390c6248c0ff.png,EWJ9VRX2
3c96b43d9310f38b734375ff6a7c96ce6e082c47.png,WDQON1CH
0faca54c749aa991158c24bfb8b9edda90c9df5e.png,YJ3RH7KR
2f038797d0a981b4225d34d762519373cb028b8d.png,BXGCQHHR
f978a5bb9e3b0f4f448bc16dc4ded1ce728e99e7.png,GE4HVM7J
38d89575fc2abe74e7f6001f63e1ebfc41dcb151.png,Y0FSG9T2
f883b6089e6e13464d404fddd2504d9b76c300ba.png,7DGWNXNS
24fe9d45b3b64e4d3140e6636c46a64a951cfa2f.png,2CHIX3U4
11d728bf2efc9cc89a943ea0b10da79b65fd5a8d.png,ZJ4SMKFB
4adfa9875f2b1775b0d5dfda949dfc9fd8ce70ee.png,VC3U4N7N
a42ff553b8b15f312c28b37251e3925b1130d3c8.png,HSCHLOGI
a68aa985e20dc4c2430d18bc2fa4df2398ad7091.png,23UJXS1I
a8ac73439c59934b8623392bf204c7123c60406b.png,A51HCCVZ
53b5dff76a267d4af483988ced56e5629391a7bc.png,1OB71VY2
9e27e819391aeb8cf33ea2bf2296760406f1c273.png,XD42F1WP
57afd23c6c18f64a72c57d1a2483194d8dc6637e.png,WLY5QI4N
e21d746e0511b970094f92206fddb60375822d05.png,EJDEPHR9
43d4152d0722b9c8202ddddcc48ccb19c8989f77.png,ASMW1G2J
920ccb7449a4288e79b0a7e20534a34896c632e6.png,ZFS6XHM5
7c16f0be52d8769fa994a43f8b141a0aeb136075.png,VOF1ADHA
9e5bc09028c483ec59a230a7fa99ab0777301927.png,KO6OM6YP
935c9f11b0f045d5cdf9dfa5778b1852d00bb7db.png,116N01EL
f3c31a18b8b193e4c99f871b9809516b3974eec1.png,9ILLCTI7
61baa37d4cbcc9b39c2d46ff60748abb1909d6e2.png,4ARMZOX2
3a84ac841fc2c04372a1ca2132155ed590450c79.png,HYMYNYB3
ec4b1e1f6a1467d3870f775417e1a486b11bd566.png,TG3X5VVE
cb5a93437e41e5c1baf14491562247e55ef9b7cf.png,9G22G8RA
8fb9786bdd6d120f22cf416ffe2fc603096db427.png,0ZCCSQGQ
65cf976330d1eea9e862c82e9fcd02e82b16185b.png,NJ26KY9K
a7150ccc88e7f02d849c84bc67a2025fbb491413.png,APYCC7PZ
dc2bcb842bff5c6b783e519a9a7bafef19cf2993.png,MITKL1DW
8f194816d69f15b436354877550d5375f50b006f.png,1KDYO6XX
c28029b5e0ac3a9f87a54019cde9769ed60188aa.png,BX76XYOR
e7de2300d71079df07f2b04cfbad36b1b1c04ba7.png,1NI2QA7O
1045e67d85256fe846b31b1cd546c8ff04a4e6e9.png,ZFXVAUOO
d8b8416fd795de0f2bce1cd5ff0c306905440d82.png,RXRII52W
4d270debc3e7d85d61b88fe4e9dba73968e23ff8.png,KTJ8NDTX
8409432508f95baf6ecb7a5090c83140f1ecb241.png,3UOCY0XV
d788c33f699bafc925bc59e67ee85b803314b47a.png,0HZH4LCR
0ec656a5121c79c3bd17eff507ce3125be1edfae.png,ZKJMC9NC
42d2efa4b75627c3844b123dcc15708e5b70d0a6.png,RDD2WD4H
165c83a507770a79d21395410b940574a4a4d63c.png,4XDQEERI
db9513113e9477d0086a235202f328c83cc8e7cd.png,9WA9YRGB
23541804783bf03893a521616b62d20a7d8f24bc.png,7UOBS0CI
0df51ef578ac4c8d78dadf51c2d5a11eace6f028.png,MCR3MB2S
d9dd3a5fa73740a8af4dcb1b4c2be3b768cd510b.png,8EBY7LG4
b8aaacff4ceda7972a18b2376275e1b124c9e920.png,EMBQAL8M
7dc905d0e098c4e3c426ff01590a960d50edb70c.png,31IQVA3Y
a5f753cfd473ea1d965c0aad599e30b2e26845b9.png,55TWITRI
3a7a95a0ff2f5462338d2edbbb3dfd66aebe24b3.png,KHNIR0L2
6f3596d710ed9f55db656a52d7db1ce98cbbb405.png,800FUAGJ
c39d35e5d3ac7f464f0791a6f240fe151e39cff2.png,YRSTPGYB
99dfa17b29e36104b728fb2a89a78c030b249b2c.png,DKOZI9C8
79b7079bcfec59897a369a9c49da452b1dacf45c.png,4J4PIAJ5
f782af7894a0c98711f4ce2024ecde4e6495cc19.png,ERFEDWBA
c4470026670b6fb33026f6dd47f0d20952930c76.png,IZWELCNV
3c5091625bbead4f40bb70dca8bc002cb58d3105.png,1JU019N5
ce60e187bef05d10de51dbe39731b17351b31421.png,RW5KQJYC
6bc1b064371ed7be0deaf3bcfd4be966283929ff.png,PT6PMB1C
eb09ca1f6f87fcb3bc0b6138f9fb17db4ac83854.png,DW1TU6OD
fa1136ef54ab6631fe7e7f98803555076af6bd4e.png,S1PTDTIQ
84c2a57bd88bff320132ef8d446e7c7b520b0e79.png,9YXLG04Q
2472ec1214ea0b6c1a87aea8c8c5972ba5b60dda.png,8DENKRLC
35923fe9a197f4fc62203800d8decaea5220523e.png,2KJN0VY2
9783531e19752700427b4ae97b40c62b3c6c75b1.png,ZD0WI7NX
6a2d519409a24b1fe077fca29d2c717649ba5afe.png,KCHD6QYR
d81f07b5da79150bccbc7565647eba604fb07256.png,R8RZOXRJ
90c16e8e26b63c44309ead75f344898f8944a685.png,HWIB6VLR
637f04b68837740f93d868890a7fd3d937f65966.png,NQJFTXDL
e2b0d97a68766c68f4d9be601cddc43df7671615.png,X0T7Q8N9
799d674e9c263e0fd4d1df088cb1bdeb62fc0117.png,7FB01Q1M
7361226b6142cae270e22eab67fb0bebbb638fa7.png,EBCRBJ74
1aa3d2a32179e5efa41950eacebc35fb9920b3cd.png,12EK7KXW
d5d57ac647dfe0b646f8c81f49fefa7e41793fa2.png,FYWBUD3D
347121751ccaf315b8a345a6d941fe64d5b03ec1.png,C0WUQR3R
6984d24da69e934e4d6a0c2211ca3329115f149f.png,UF0Z0UF6
debad1c46895508b3a880b03f1541d0c5c6d81b0.png,ILR12NXP
12cf05ae8e699c7401931d86533547b7b47a3015.png,322OGI6F
c4080332e8944d07c1cc0ff5590b33186e8bd850.png,O12PE4BI
3966b84c021afc4086511a865d5046b956724547.png,FBBL2525
f083103f821b4729ca38659a99b8c6bd2261158a.png,BGQIGN42
b995fe6debc1910dda80877b694e009699edff69.png,YDL6ZXF3
2e7b59bd7b2497c596b296f16b08f49ef3a91e78.png,Q4KQDNEP
0f23bfc7244522fddb74093cb1265f9cd82a7d2f.png,7MG91L94
9e6114819a73614b2d8f16c97a702e064d658e17.png,252PTIUL
8308e59c9e18665fb8e22bb00776c66f55232421.png,U1OCAH9V
f3f187f192889cb1089af31b67312760ffa28f5e.png,W033HL66
8f958e3efd5c110793a8414bbbccf5d52732d882.png,6RDZISG6
4ddba3a42bc9adeae742cbd5b8e1f3b8cf5c7aca.png,U6MF1VKY
dbc9192361fce082013f9489e3274bb86a9b5353.png,QEGU5338
096779f59b02e6a6f90a6fd19594a98ab5cfa189.png,F0ITX2AX
b0848ceb2fbcb60f364d87cddc817e66c18936c8.png,NNDBL6O2
3d1bd13313b5c5faa529ff18039912a974fcf98d.png,CJLLNQPA
412a0be2747208c42855d1f56ef8c25934a5ae6c.png,TDV8R9XW
2b4a9fe32346fac06ac78cdbe1c5154ad90f7275.png,TNTX1MTQ
1f8a525a85c25c34dc3e6c690f479617f9be7e20.png,3NL8J7L5
990497979c9844d93f8a1b8f3c1620db4d19ef6f.png,6ZT1NAJC
1606c696604190eb0b80f14701866c8705dab819.png,1M0366UW
f2960dc6f1db97c513192e608b0cf2f3a3740450.png,7AZAC932
6b267d303f249fb2dfb8d6a7f50fc3a523e3f361.png,A4V6LCVM
7dcda3fbbe32c7ceac70b2b0db392b4832e3e665.png,462ZL080
eaac93b567d9980c8f45bd9f5f19214aef74bd54.png,U8SSDILZ
d0bc9356e04cca484c4d93a2b1e720393dd1e214.png,1Q74W88C
7a009cdd6bc0a8fcf3eedbbf973b6b29919c5dde.png,V6LHK12O
c2874338a57901061975a8988f9254579924e715.png,7OEQY63L
6eadee26f47b7d85af2f50da4cb4db4e4e6e13a5.png,QLHSFORE
c49eda3336f5875210aa9ce654ff484ad7f5f960.png,NCATZDZK
cd3dabbefa894d641ee16cdadb43984edfb1934e.png,2L1I7SYN
b22175071e3b6715031e53f3d769c66cc55bea46.png,Z3I8OA1A
755167ce5aa9ddeccc101fa1f1d1cd3484de8455.png,ECXYIPPX
a5929af17bde15e6ba491a8b45ecc44a454b4611.png,XKZGM7BI
68684fa377587e79d2ba91984bf1c57a8239462d.png,6S9ZLPC3
f7eb44afdf694fa84969458831a7c56bf4058368.png,TQMF8HVA
9c3ca3654ac0b8f7d5eeebd63d33969a09066c9b.png,W6O4PHLS
898966b34733937da31539901bdcd81f24c6b29d.png,1XNHQ4KD
779508e8f0b4cc97a951f816c21dc32d41d1d6fe.png,IOUXPULU
f596cbc5a9c374bcd80e02562ec6844f9f9899d6.png,0ILO6U2F
1e012f9bc70322da77fa2b060f7e0b5eb9164760.png,M1KILXHW
179da7ec13f89c36a64b87244935f40c6dc0aa97.png,24V3MCRF
d5a4ab4250158ebcbc24833165a654e629a54a8e.png,WE12UBXF
730118828b0b0a88e73281adeaa192c8a2c13c98.png,ZPO2V9SW
49e6eb11bd075ceb0e22ca5617d16fa16c4bba79.png,0LXXN2HV
82ee8be8081ad9409d9e8229983388c121e60c6b.png,YRSCEJJO
e9addc86c33964d11b8394346e2e6bbe2843d3b8.png,XWY3D35H
da6d136621f01401f429a6d7611ec5f5a2487c23.png,I0GLH1KO
3bb29224433b66c049562286a00e380b14cc4567.png,CD5XHXZU
bbb2acb4ab57e72cb7ad4295489b88963917e199.png,HUC5YK2J
38f87245b28558698ec87d597b273a3c85a21de1.png,ZMYHN0EM
790143f81bde08a11f13587bd33403129cc624da.png,KDRJ7ZYO
21114b5ca933581fc957a009b4bd8d24a1dd609e.png,0BFS5TZN
22a62ea3048e7f84e3a01421e0aa6796ac0f3ebb.png,L8OXBN4R
9203fe6436a729a74711eb888d94efad017492a1.png,DMDD11UE
8d2b69e3b7547c216119b173b619acbf0ec44add.png,ABNQSCSJ
006d4502a97aad89b1893a7704413dc9814be15c.png,GLGOWH2Z
e5bbbb0c61cb8b44e96de0cb3e750ad557ff1b9c.png,QMJFK34O
58f8ec473d638c541cad039fc3facca872890d24.png,LPCIS0FC
1bdf19a31a1cc1598a52c85ffffc2507fa33fc41.png,54QX9X2D
5ec49f9a8e9ddbef6c47e117de9053dfb562e611.png,PYLFA8NQ
7f40eed7ffad748f21ab7edeb9586ecae8758ff8.png,DV7G2NTG
da1369c94c1913bd41fc675e214c65192176ad8b.png,XSQMC0F2
b7818dde2d01640f8972bedf7ba42fe7ecd1491d.png,18KHKHXB
90172006bf11d526a60a9d54c9fe8ffced1ca554.png,1MLK4LJU
54846d8e3e1bafd023838b08d9330d882addacec.png,692R9AJG
cb63182feffd4af0e416ece6690e632c8edfe17d.png,Q5N96CCR
29e5308696db9b9bc65276e236db67c019189e38.png,DR13LA26
79c3e44f155b4b56ad1bb5dcd4e4be5a0367a703.png,YWQTZ1R9
747e5cfc9ab71b46409d77196c58a166e32ae8b9.png,4180D8OQ
13349932eea295005bb02c9a5e7528376882e5dc.png,VX2REK3S
3a679be8f8c25e992e20fd86ac25a9033acd11c0.png,VQ01HN2B
1c7afc6460ccc539023db745b2f96bea194444d5.png,KGI6I8RZ
dbee8224decf5a85c3e75566d5a9db43667cc401.png,MCJO9O3K
07bad96348fa2757ba3d68bf71f8824e8ce87f19.png,7A4SCRUG
b739cf8f9e30fd84a8e2c61216e1ff28d909567e.png,WGDBPVFL
e49cb2d812942e7907b45e8a3ed25aae8d177036.png,Z8MTZF1W
2194fe03cf795aeda6dcc2bfb9af5a5603538f84.png,5050BD6P
591fb67eba361fc013088c3f6e86bd5fa1bdf098.png,GTC5SR5E
7026d4078c8be0fd93e6876da19406b6fed2f570.png,KXXQRI9M
9b1d5c030e24ba7fbf02e68779f0b618671abae9.png,QKZHIY19
25648ece0f42a21ac67a89ab482d2811ef415896.png,F8D2QO0I
18cd7006bb09281b96f5917cc33af68976fce8f6.png,VQWVSRS3
e41038631839cd586bed1ca36c47f95e94b8b3eb.png,540S6WSG
9c75b6f67e7331b7b32e8d8b8045ee3a7161defc.png,35BKU0K0
4624d7ab4ac8421757b1a4ff672235ffef13a92d.png,EUA6SX93
d3358b294cb29fadda0065cf0f0a48595179d6d1.png,WZ4N1K7Q
b7e520e2b029fb0030152f3d92267122c2fed4d0.png,QYWTGNT9
6c441bdcc2b3a1731afdf133a756329976a39f5a.png,N5NP9UXB
1bac1df9d6ab84cbd3c9ac86e7cbd647df278ef2.png,RUS6DBUE
e0527ceb349dfe74547bb9f37dc7aec8d0567366.png,BVCX519J
46f4193c554469d0d49b92349af602bc2e7c110e.png,3GOQJC8M
d9c0bbf4dff8bc0446feced6c3feff73f28f68fe.png,73V1F873
cc2e8e58d824e0039a882a17c1bed47289e83b7c.png,U7LMWUOO
d8525c613221bfef24296c522da2c0e2dbdb84ff.png,KE5TZF6J
722b7f241a7b28b9adaf6ad5f358d4a778b039b7.png,KKOV7BQN
19d489274249ec1032a92df99b7ba014e306b757.png,5U6OFBFO
47bd9058800cba52d08b54681126e0f9c4abda46.png,MUZEJUQB
e53ab806424570e2a21bdce4d3b915615e682459.png,BKOKK7XU
d14632960215bbce908fe73a6ced4bd77ee4c424.png,UH1PR0SO
0f6fa109287e08e4cb2387e6a42aec8ef8efc559.png,784SFVK1
b9e4eda1957cd285284d49d63f869d0c1a564185.png,FBJAJ4UQ
cae9d7ed9a16bf2fe470eac30f7807c989a1322a.png,R9F6M04G
e083462ed356dfe2a38da6146d1986825f2f1173.png,5ZFW5SDT
a6b75045297737e742e0f90d7d123d94a46d9694.png,6SV59C7M
cee13708bd779fd3cf9382fd565dd3f451f29634.png,T55AAGYC
e814a96977085aeb6a8831bd327ff112c75ed5fd.png,CM6CE9XH
0b32a381c50539af8de57462912bb4d256618cdd.png,QXD7UTE3
b59da573e4a1da73513ecc4d7dec5da9699c1fa6.png,EE0P32I4
a5211b8a8b20605813639100438d0772368f05e3.png,E075J9TZ
3bf415689ec20e679a87f49c3667684096d0ad3c.png,75DYLDET
81eaf32e625051a5bd6b1ee5fc24e879fe4ea83f.png,UABBQ4IN
dc0a86641dcd40aec61c3d78c1c48f1312c91a7a.png,74QF52CW
b52bece71df57ac8feab547ab98f1a3927800829.png,MDVPULZE
5c13679c1591cdb1a62a53f4a31371804f64f008.png,KB1KJ3AV
9644ad43875b213175ebecec2452e5bef7f207d7.png,KGZF1BSG
4f3201c68f4679e976eefec243ef5aea9907e7d2.png,5FUS9Z0A
8aa04303e27b04d77833383bc1b13805d2315acb.png,DMKYLAJU
38c19838e2d3cf95c5daa3b883495bdded191064.png,Z5OCF96F
4ffb38cdfe52824fbd0eb5b8da887d2e9c14bac3.png,3OCAJF8X
dd3042d63b59bbe57daefb47390d1cdd2552d59c.png,5711L33W
a1a5c1aa5d0edeb4cbd4869971bc85381cf6ae38.png,8K1DZQPA
c5d2d12e9795ab8ba622839c096d5861f1d5ada8.png,RLPVN5OH
d92ec2d814ea52f9dff8cbc60b56eb55fde2dc97.png,4PQI2KJK
625c59f27a67be7ceed05d1ba7c079fab301e459.png,8YVETVF7
d4fb93527180df5bc20395737b5ac0382cb7d91b.png,GEHCLEBX
d41924c440b5103e7ee392881ebafe3d0b2288ea.png,QFD4LQXG
a78f8be9cb00ab8654d5ca3320471d84d5e37cfb.png,WEE8WW6A
2337a158ca035507e90c978596d2902694f71574.png,H2H8XZ5Y
f9ebc1d466d368ebf3660fe4b65955d19ba797c3.png,48SAVQ6N
f633a4c38e1230a1576ab02c540190d879f8f005.png,BKMLOKQX
f154e2df74cba673add6a2b7b7511c85373b5dc2.png,KX33LVYH
e2247fbfff167ccbff187afba0c77ea40d9a6a35.png,P8AGI8KV
132ee52363153ea259bd591eb4d51855ff203f9b.png,LXIY8N03
b3fe2685e774330eb5eaaa4ef5def4b3cf284abc.png,NLIYLQXS
366c4f244738633dd9ad487e407a5cf57adeb263.png,FDYI92KV
efe022bad1bc4faa9220d0c4b19621e8582ca608.png,3N3UV1J8
abd3f38614dd81d84f024feebda6fb441dbe0f9e.png,OZLC6TPC
a1b8f593d3b57333632a3df1dce319a63eca96bd.png,XZAHFZHN
db1d5e616093b8a783fa061916ca0274ff021284.png,2CB7ADD7
3f45909bf1949ef904cd757d22227116a1d18a43.png,M7QBHO9F
65b116d2c13945194bbeba237fb93139e18cdd76.png,72H1BCY4
d8ed044f2fcbc42f5e4c6203ef55fcf3fe42c550.png,D6EJQG66
496b0eb9b45f441a77a7e83475330959781e36dd.png,21HCLAU7
5bb29fe022b942c2b6c1b9fd665db0e4252a057d.png,LPQJL3N0
d528aa09e370df3b8286962d797d9f439e6765df.png,L6AVGC3Y
937a79b4e7c7d31e020abd5f83bb5c9ffd1c397b.png,UE8LMJ3I
273de8febcae39d9623a978b541c221b1a0f8e4b.png,AJMQRRV2
1faea54659f6ec5b18308e8c6710adb6a1f47a3a.png,11O2Q1VO
0d5bae7a406faf50d1b6976350cb63250e7b0217.png,OY3UGBE7
3d399f53c694a4ed620fe608ce6e71ca2135ac9c.png,CZQYG0ER
107b7d43d0e5190a2210b87632b61c0b91ca3d6f.png,J74CA47Z
e5c07ec565ad26a4f86f8a8023a5bf4b6705ad7f.png,T3Q6BJDZ
242cc97f06c9fbb35f569229b43092ec58943f9c.png,7YJXYYZB
4f543d5ae97ffc875d42f2a7fcb3b199eb34d683.png,YRGOSTVT
e22a95aefb529e7a9d13ee6b8ca01b25e0f9eb0f.png,0G1CSCFF
9a73c4b3032f004364372939569ae3726b094d72.png,ZIQU6EQE
f8f1bcf53bebe6180ae88780e7c6a04e3840d74c.png,ZIJ3DO7J
1ad022ca67d3169f39f76aedc2d65d983d1d5822.png,KEV03UTO
03faf3f93b724091bb239bb9c7355b2e57d65a62.png,I14WGP7H
b11f0b150fb9dad0777429c0e19c56d3e6cd75c3.png,NQ25WDIE
a8438c2c36bb7f7604b1224e3be4346a3386ffa7.png,RGJUM5AY
15f9a739be07821988c52e33a61b447011a57ab3.png,55H02S9I
50aa5837e8f67ad383396a7d46612e0785493ab7.png,LQEPEZZC
d4dfb7ce548b2f32b2659746d3c5af90dbfd4063.png,EYVH8G6W
eb990cc61176139a1f2eaa840ccba3c9ef21f4ff.png,X1KKKO8M
c0b8ef1cfcd90fddc86ae7a8328f7847b420575e.png,XMXMRDNK
15b8051f40faedc1f967db13bc8a55c6b4f346a0.png,JRSYLK85
c8dfc848503cfa539c587cc5770f0a90425af9c2.png,SLVRFIG5
a686ec7ef5ab4456f18b0e0194954a33b33f339d.png,QZJ56KGC
afe2d575bc24443de562ca2b0495e642c001f90c.png,33KGJGSZ
53416acfa4028867ab0dd8c0a5d0eabd9bc649b5.png,Q6OY4L1X
db0796b26f4340d2b486ac6350af41d6567949c6.png,IB7YRDVA
8f5d11c3d62bba006791747de31e8df314343df6.png,HACVMX2P
422408c65645642b8f5643ee68bab28c249368f9.png,CQQJOWL1
db190428da81e6e8ce7f29334215822c2e5cf313.png,MR3SGCCT
3fbd31673ae10228509e59a821319b6f4c258439.png,KAYMFZ6I
5f627b019f6526d794448cb7336a4b0882eb68e4.png,8XYZTY31
f4b10ca3d87a45493627d7cf484c43847aae86a8.png,OP1UG6FH
6132dbd6c035c9e3dc934919197dd060789d7153.png,BNHEJS2O
fa286a5b7a433bcfff69833fc5d50e83ff28c85e.png,0LWXU4N5
2aa00f376961851408f40ab3f9ec966c5a08d66f.png,KZOGGUY8
7ebcdb495529b0ed2b746fe6d8171998cdfe2fa7.png,O6N7BAIX
2e862320c653afeb675b14b0846c831939fc6e04.png,C5VPAGEK
b49829878535079a5f5507942460722821ea20a6.png,GKS8QPS0
00476f1b6ee7181ee8584a2f22f2d423cc2a2f01.png,HJXATI5I
9449441769a6d3a370ccede94b506019244e77e7.png,VRR3I1L2
c3d9c53ca53dde5fe31a37cd6bb649fe161efc27.png,AR9X9HAM
1c85706e4e89f9abcc39b1f5552f22d6605c5fa1.png,ZAIUZO8T
e05afcf50923dcae61a400375792516a4e5fed00.png,8A1VA5N7
69f1a8ae306fd315ab35f55f526e390bace9a786.png,7ODF45E9
3620809d51d894f70fd855acfc2e907230d56394.png,ZBVRJLK9
6c50a619c2291d8bec59203a6ce9310a9d74d119.png,8XCXLB1W
dc201184b33b31ec3aa672b9a9d280b9aa1f566f.png,R22I6TWB
3d54531cecdf476e7c7498dbecda19f416ba7f3b.png,MCR5L5IQ
dfbd5212ad2ec56804b41423e49638bb9dcdc8d8.png,EKUYHSLL
51f86019fe478e7e7ac3e27dffb54ca025822141.png,N4RXC89U
ffe16dbdd3ec6a350af2ed99d770520eddd1b625.png,OMCO9O1I
ecc1f6f0951cb7a3066d445e10289af7d3cef845.png,YWYK3KSV
d0d5525769d82581e940ce37c4ca3b1a94600ff0.png,SKMNYT7L
622770887c64219716fbf24ecbf4ea685e56ae67.png,86HSSMK1
aa66dbca816af78dea9ec23d65dd8565c1a76784.png,VVTTGXTA
9398d99f7ef2eac32a484b19d3538ad73efa3aa5.png,H2JRC4JC
c79e6597bc39a79cae45121057847cd3b18bf3b3.png,GQOW2XPV
2a0ed7e9149d421a139126da4c0e03cd5f676acf.png,9XHQS9B6
17853e74ea43fcdb196f632ae8e7bd0ff30b483f.png,YCGI0XHE
2df23d0d787aff7a6e15e10940855ac265fb9fad.png,BPX3F884
07468ad3c73a575f8192f9057ba78a660e844289.png,EEN64E3X
5b4fb315297fd258549316b55f7ecccd7634d847.png,2G6G66AJ
0c862b0df788f5352a174c871eb56f34f34ea6fe.png,X57Q8469
c2f55b9932f7484d1ae9c7db135a6fadd098ce6a.png,2VBDXS7X
ff28f1e55d50b6794778fe47d8a28750c30730f2.png,DC6CQXV2
2d629fbd7af48d6547078d7afad71096d7744e41.png,73HQ3904
7a615ddc69e37de2127e7f8ad59f5aa882b77e6d.png,C0XNWY1S
